Plan;Identificacion;Nombres;Inicio Vigencia;Fin Vigencia; Suma Asegurada ;Tipo Objeto;Uso Bien;Actividad;Tipo Material;Descripción;Pais;Provincia;Distrito;Corregimiento;Barriada;Edificio
1_9;111223-1111;Juan Carlos Perez Gomez;1/9/2025;1/9/2026;50,000.00;EDIFICIO;1;0-VIVIENDAS;CONCRETO_REF;Prueba 1 (Carga Masiva);591;1;102;10202;0;1
1_9;111223-1111;Juan Carlos Perez Gomez;1/9/2025;1/9/2026;49,855.25;EDIFICIO;1;0-VIVIENDAS;CONCRETO_REF;Prueba 1 (Carga Masiva);591;1;102;10202;0;1
1_9;111223-1111;Juan Carlos Perez Gomez;1/9/2025;1/9/2026;49,710.50;EDIFICIO;1;0-VIVIENDAS;CONCRETO_REF;Prueba 1 (Carga Masiva);591;1;102;10202;0;2
1_9;111223-1111;Juan Carlos Perez Gomez;1/9/2025;1/9/2026;49,565.75;EDIFICIO;1;0-VIVIENDAS;CONCRETO_REF;Prueba 1 (Carga Masiva);591;1;102;10202;0;2
1_9;111223-1111;Juan Carlos Perez Gomez;1/9/2025;1/9/2026;49,421.00;EDIFICIO;1;0-VIVIENDAS;CONCRETO_REF;Prueba 1 (Carga Masiva);591;2;201;20101;0;8080820
1_9;111223-1111;Juan Carlos Perez Gomez;1/9/2025;1/9/2026;49,276.25;EDIFICIO;1;0-VIVIENDAS;CONCRETO_REF;Prueba 1 (Carga Masiva);591;2;201;20101;0;8080820
1_9;111223-1111;Juan Carlos Perez Gomez;1/9/2025;1/9/2026;49,131.50;EDIFICIO;1;0-VIVIENDAS;CONCRETO_REF;Prueba 1 (Carga Masiva);591;2;201;20101;0;8080821
1_9;111223-1111;Juan Carlos Perez Gomez;1/9/2025;1/9/2026;48,986.75;EDIFICIO;1;0-VIVIENDAS;CONCRETO_REF;Prueba 1 (Carga Masiva);591;2;201;20101;0;8080821
1_9;111223-1111;Juan Carlos Perez Gomez;1/9/2025;1/9/2026;48,842.00;EDIFICIO;1;0-VIVIENDAS;CONCRETO_REF;Prueba 1 (Carga Masiva);591;2;201;20102;0;8080230
1_10;111223-1111;Juan Carlos Perez Gomez;1/9/2025;1/9/2026;48,697.25;EDIFICIO;1;0-VIVIENDAS;CONCRETO_REF;Prueba 1 (Carga Masiva);591;2;201;20102;0;8080230
1_10;111223-1111;Juan Carlos Perez Gomez;1/9/2025;1/9/2026;48,552.50;EDIFICIO;1;0-VIVIENDAS;CONCRETO_REF;Prueba 1 (Carga Masiva);591;2;201;20105;0;8080826
1_10;111223-1111;Juan Carlos Perez Gomez;1/9/2025;1/9/2026;48,407.75;EDIFICIO;1;0-VIVIENDAS;CONCRETO_REF;Prueba 1 (Carga Masiva);591;2;201;20105;0;8080826
1_10;111223-1111;Juan Carlos Perez Gomez;1/9/2025;1/9/2026;48,263.00;EDIFICIO;1;0-VIVIENDAS;CONCRETO_REF;Prueba 1 (Carga Masiva);591;2;201;20105;0;8080837
1_10;111223-1111;Juan Carlos Perez Gomez;1/9/2025;1/9/2026;48,118.25;EDIFICIO;1;0-VIVIENDAS;CONCRETO_REF;Prueba 1 (Carga Masiva);591;2;201;20105;0;8080837
1_10;111223-1111;Juan Carlos Perez Gomez;1/9/2025;1/9/2026;47,973.50;EDIFICIO;1;0-VIVIENDAS;CONCRETO_REF;Prueba 1 (Carga Masiva);591;2;202;20201;0;8080789
1_10;111223-1111;Juan Carlos Perez Gomez;1/9/2025;1/9/2026;47,828.75;EDIFICIO;1;0-VIVIENDAS;CONCRETO_REF;Prueba 1 (Carga Masiva);591;2;202;20201;0;8080789
1_10;111223-1111;Juan Carlos Perez Gomez;1/9/2025;1/9/2026;47,684.00;EDIFICIO;1;0-VIVIENDAS;CONCRETO_REF;Prueba 1 (Carga Masiva);591;2;202;20201;0;8080811
1_10;111223-1111;Juan Carlos Perez Gomez;1/9/2025;1/9/2026;47,539.25;EDIFICIO;1;0-VIVIENDAS;CONCRETO_REF;Prueba 1 (Carga Masiva);591;2;202;20201;0;8080811
1_10;111223-1111;Juan Carlos Perez Gomez;1/9/2025;1/9/2026;47,394.50;EDIFICIO;1;0-VIVIENDAS;CONCRETO_REF;Prueba 1 (Carga Masiva);591;2;202;20201;0;8080812
1_10;111223-1111;Juan Carlos Perez Gomez;1/9/2025;1/9/2026;47,249.75;EDIFICIO;1;0-VIVIENDAS;CONCRETO_REF;Prueba 1 (Carga Masiva);591;2;202;20201;0;8080812
1_10;111223-1111;Juan Carlos Perez Gomez;7/9/2025;7/9/2026;47,105.00;EDIFICIO;1;0-VIVIENDAS;CONCRETO_REF;Prueba 1 (Carga Masiva);591;2;202;20204;0;1
1_10;111223-1111;Juan Carlos Perez Gomez;7/9/2025;7/9/2026;46,960.25;EDIFICIO;1;0-VIVIENDAS;CONCRETO_REF;Prueba 1 (Carga Masiva);591;2;202;20204;0;1
1_17;111223-1111;Juan Carlos Perez Gomez;7/9/2025;7/9/2026;46,815.50;EDIFICIO;1;0-VIVIENDAS;CONCRETO_REF;Prueba 1 (Carga Masiva);591;2;202;20204;0;2
1_17;111223-1111;Juan Carlos Perez Gomez;7/9/2025;7/9/2026;46,670.75;EDIFICIO;1;0-VIVIENDAS;CONCRETO_REF;Prueba 1 (Carga Masiva);591;2;202;20204;0;2
1_17;111223-1111;Juan Carlos Perez Gomez;7/9/2025;7/9/2026;46,526.00;EDIFICIO;1;0-VIVIENDAS;CONCRETO_REF;Prueba 1 (Carga Masiva);591;2;202;20208;0;8080770
1_17;111223-1111;Juan Carlos Perez Gomez;7/9/2025;7/9/2026;46,381.25;EDIFICIO;1;0-VIVIENDAS;CONCRETO_REF;Prueba 1 (Carga Masiva);591;2;202;20208;0;8080770
1_17;111223-1111;Juan Carlos Perez Gomez;7/9/2025;7/9/2026;46,236.50;EDIFICIO;1;0-VIVIENDAS;CONCRETO_REF;Prueba 1 (Carga Masiva);591;2;202;20208;0;8080775
1_17;111223-1111;Juan Carlos Perez Gomez;7/9/2025;7/9/2026;46,091.75;EDIFICIO;1;0-VIVIENDAS;CONCRETO_REF;Prueba 1 (Carga Masiva);591;2;202;20208;0;8080775
1_17;111223-1112;Juan Carlos Perez Gomez;7/9/2025;7/9/2026;50,000.00;EDIFICIO;1;0-VIVIENDAS;CONCRETO_REF;Prueba 1 (Carga Masiva);591;2;202;20208;0;8080776
1_17;04-0004-00380;LUIS JARAMILLO;7/9/2025;7/9/2026;49,855.25;EDIFICIO;1;0-VIVIENDAS;CONCRETO_REF;Prueba 1 (Carga Masiva);591;2;202;20208;0;8080776
1_17;04-0004-00380;LUIS JARAMILLO;7/9/2025;7/9/2026;49,710.50;EDIFICIO;1;0-VIVIENDAS;CONCRETO_REF;Prueba 1 (Carga Masiva);591;2;202;20208;0;8080777
1_17;04-0004-00380;LUIS JARAMILLO;7/9/2025;7/9/2026;49,565.75;EDIFICIO;1;0-VIVIENDAS;CONCRETO_REF;Prueba 1 (Carga Masiva);591;2;202;20208;0;8080777
1_17;04-0004-00380;LUIS JARAMILLO;7/9/2025;7/9/2026;49,421.00;EDIFICIO;1;0-VIVIENDAS;CONCRETO_REF;Prueba 1 (Carga Masiva);591;2;202;20208;0;8080778
1_17;04-0004-00380;LUIS JARAMILLO;7/9/2025;7/9/2026;49,276.25;EDIFICIO;1;0-VIVIENDAS;CONCRETO_REF;Prueba 1 (Carga Masiva);591;2;202;20208;0;8080778
1_17;04-0004-00380;LUIS JARAMILLO;7/9/2025;7/9/2026;49,131.50;EDIFICIO;1;0-VIVIENDAS;CONCRETO_REF;Prueba 1 (Carga Masiva);591;2;202;20208;0;8080779
1_17;04-0004-00380;LUIS JARAMILLO;7/9/2025;7/9/2026;48,986.75;EDIFICIO;1;0-VIVIENDAS;CONCRETO_REF;Prueba 1 (Carga Masiva);591;2;202;20208;0;8080779
1_9;111223-1111;Juan Carlos Perez Gomez;7/9/2025;7/9/2026;50,000.00;EDIFICIO;1;0-VIVIENDAS;CONCRETO_REF;Prueba 1 (Carga Masiva);591;2;202;20208;0;8080780
1_9;111223-1111;Juan Carlos Perez Gomez;7/9/2025;7/9/2026;49,855.25;EDIFICIO;1;0-VIVIENDAS;CONCRETO_REF;Prueba 1 (Carga Masiva);591;2;202;20208;0;8080780
1_9;111223-1111;Juan Carlos Perez Gomez;7/9/2025;7/9/2026;49,710.50;EDIFICIO;1;0-VIVIENDAS;CONCRETO_REF;Prueba 1 (Carga Masiva);591;2;202;20208;0;8080781
1_9;111223-1111;Juan Carlos Perez Gomez;7/9/2025;7/9/2026;49,565.75;EDIFICIO;1;0-VIVIENDAS;CONCRETO_REF;Prueba 1 (Carga Masiva);591;2;202;20208;0;8080781
1_9;111223-1111;Juan Carlos Perez Gomez;14/9/2025;14/9/2026;49,421.00;EDIFICIO;1;0-VIVIENDAS;CONCRETO_REF;Prueba 1 (Carga Masiva);591;2;202;20208;0;8080782
1_9;111223-1111;Juan Carlos Perez Gomez;14/9/2025;14/9/2026;49,276.25;EDIFICIO;1;0-VIVIENDAS;CONCRETO_REF;Prueba 1 (Carga Masiva);591;2;202;20208;0;8080782
1_9;111223-1111;Juan Carlos Perez Gomez;14/9/2025;14/9/2026;49,131.50;EDIFICIO;1;0-VIVIENDAS;CONCRETO_REF;Prueba 1 (Carga Masiva);591;2;202;20208;0;8080783
1_9;111223-1111;Juan Carlos Perez Gomez;14/9/2025;14/9/2026;48,986.75;EDIFICIO;1;0-VIVIENDAS;CONCRETO_REF;Prueba 1 (Carga Masiva);591;2;202;20208;0;8080783
1_9;111223-1111;Juan Carlos Perez Gomez;14/9/2025;14/9/2026;48,842.00;EDIFICIO;1;0-VIVIENDAS;CONCRETO_REF;Prueba 1 (Carga Masiva);591;2;202;20208;0;8080784
1_10;111223-1111;Juan Carlos Perez Gomez;14/9/2025;14/9/2026;48,697.25;EDIFICIO;1;0-VIVIENDAS;CONCRETO_REF;Prueba 1 (Carga Masiva);591;2;202;20208;0;8080784
1_10;111223-1111;Juan Carlos Perez Gomez;14/9/2025;14/9/2026;48,552.50;EDIFICIO;1;0-VIVIENDAS;CONCRETO_REF;Prueba 1 (Carga Masiva);591;2;202;20208;0;8080785
1_10;111223-1111;Juan Carlos Perez Gomez;14/9/2025;14/9/2026;48,407.75;EDIFICIO;1;0-VIVIENDAS;CONCRETO_REF;Prueba 1 (Carga Masiva);591;2;202;20208;0;8080785
1_10;111223-1111;Juan Carlos Perez Gomez;14/9/2025;14/9/2026;48,263.00;EDIFICIO;1;0-VIVIENDAS;CONCRETO_REF;Prueba 1 (Carga Masiva);591;2;202;20208;0;8080786
1_10;111223-1111;Juan Carlos Perez Gomez;14/9/2025;14/9/2026;48,118.25;EDIFICIO;1;0-VIVIENDAS;CONCRETO_REF;Prueba 1 (Carga Masiva);591;2;202;20208;0;8080786
1_10;111223-1111;Juan Carlos Perez Gomez;14/9/2025;14/9/2026;47,973.50;EDIFICIO;1;0-VIVIENDAS;CONCRETO_REF;Prueba 1 (Carga Masiva);591;2;202;20208;0;8080787
1_10;111223-1111;Juan Carlos Perez Gomez;14/9/2025;14/9/2026;47,828.75;EDIFICIO;1;0-VIVIENDAS;CONCRETO_REF;Prueba 1 (Carga Masiva);591;2;202;20208;0;8080787
1_10;111223-1111;Juan Carlos Perez Gomez;14/9/2025;14/9/2026;47,684.00;EDIFICIO;1;0-VIVIENDAS;CONCRETO_REF;Prueba 1 (Carga Masiva);591;2;202;20208;0;8080788
1_10;111223-1111;Juan Carlos Perez Gomez;14/9/2025;14/9/2026;47,539.25;EDIFICIO;1;0-VIVIENDAS;CONCRETO_REF;Prueba 1 (Carga Masiva);591;2;202;20208;0;8080788
1_10;111223-1111;Juan Carlos Perez Gomez;14/9/2025;14/9/2026;47,394.50;EDIFICIO;1;0-VIVIENDAS;CONCRETO_REF;Prueba 1 (Carga Masiva);591;2;202;20208;0;8080789
1_10;111223-1111;Juan Carlos Perez Gomez;14/9/2025;14/9/2026;47,249.75;EDIFICIO;1;0-VIVIENDAS;CONCRETO_REF;Prueba 1 (Carga Masiva);591;2;202;20208;0;8080789
1_10;111223-1111;Juan Carlos Perez Gomez;14/9/2025;14/9/2026;47,105.00;EDIFICIO;1;0-VIVIENDAS;CONCRETO_REF;Prueba 1 (Carga Masiva);591;2;202;20208;0;8080790
1_10;111223-1111;Juan Carlos Perez Gomez;14/9/2025;14/9/2026;46,960.25;EDIFICIO;1;0-VIVIENDAS;CONCRETO_REF;Prueba 1 (Carga Masiva);591;2;202;20208;0;8080790
1_17;111223-1111;Juan Carlos Perez Gomez;14/9/2025;14/9/2026;46,815.50;EDIFICIO;1;0-VIVIENDAS;CONCRETO_REF;Prueba 1 (Carga Masiva);591;2;202;20208;0;8080791
1_17;111223-1111;Juan Carlos Perez Gomez;14/9/2025;14/9/2026;46,670.75;EDIFICIO;1;0-VIVIENDAS;CONCRETO_REF;Prueba 1 (Carga Masiva);591;2;202;20208;0;8080791
1_17;111223-1111;Juan Carlos Perez Gomez;21/9/2025;21/9/2026;46,526.00;EDIFICIO;1;0-VIVIENDAS;CONCRETO_REF;Prueba 1 (Carga Masiva);591;2;202;20208;0;8080792
1_17;111223-1111;Juan Carlos Perez Gomez;21/9/2025;21/9/2026;46,381.25;EDIFICIO;1;0-VIVIENDAS;CONCRETO_REF;Prueba 1 (Carga Masiva);591;2;202;20208;0;8080792
1_17;111223-1111;Juan Carlos Perez Gomez;21/9/2025;21/9/2026;46,236.50;EDIFICIO;1;0-VIVIENDAS;CONCRETO_REF;Prueba 1 (Carga Masiva);591;2;202;20208;0;8080793
1_17;111223-1111;Juan Carlos Perez Gomez;21/9/2025;21/9/2026;46,091.75;EDIFICIO;1;0-VIVIENDAS;CONCRETO_REF;Prueba 1 (Carga Masiva);591;2;202;20208;0;8080793
1_17;111223-1112;Juan Carlos Perez Gomez;21/9/2025;21/9/2026;50,000.00;EDIFICIO;1;0-VIVIENDAS;CONCRETO_REF;Prueba 1 (Carga Masiva);591;2;202;20208;0;8080794
1_17;04-0004-00380;LUIS JARAMILLO;21/9/2025;21/9/2026;49,855.25;EDIFICIO;1;0-VIVIENDAS;CONCRETO_REF;Prueba 1 (Carga Masiva);591;2;202;20208;0;8080794
1_17;04-0004-00380;LUIS JARAMILLO;21/9/2025;21/9/2026;49,710.50;EDIFICIO;1;0-VIVIENDAS;CONCRETO_REF;Prueba 1 (Carga Masiva);591;2;202;20208;0;8080795
1_17;04-0004-00380;LUIS JARAMILLO;21/9/2025;21/9/2026;49,565.75;EDIFICIO;1;0-VIVIENDAS;CONCRETO_REF;Prueba 1 (Carga Masiva);591;2;202;20208;0;8080795
1_17;04-0004-00380;LUIS JARAMILLO;21/9/2025;21/9/2026;49,421.00;EDIFICIO;1;0-VIVIENDAS;CONCRETO_REF;Prueba 1 (Carga Masiva);591;2;206;20201;0;8080792
1_17;04-0004-00380;LUIS JARAMILLO;21/9/2025;21/9/2026;49,276.25;EDIFICIO;1;0-VIVIENDAS;CONCRETO_REF;Prueba 1 (Carga Masiva);591;2;206;20201;0;8080792
1_17;04-0004-00380;LUIS JARAMILLO;21/9/2025;21/9/2026;49,131.50;EDIFICIO;1;0-VIVIENDAS;CONCRETO_REF;Prueba 1 (Carga Masiva);591;2;206;20606;0;8080554
1_17;04-0004-00380;LUIS JARAMILLO;21/9/2025;21/9/2026;48,986.75;EDIFICIO;1;0-VIVIENDAS;CONCRETO_REF;Prueba 1 (Carga Masiva);591;2;206;20606;0;8080554
1_9;111223-1111;Juan Carlos Perez Gomez;21/9/2025;21/9/2026;50,000.00;EDIFICIO;1;0-VIVIENDAS;CONCRETO_REF;Prueba 1 (Carga Masiva);591;2;206;20606;0;8080555
1_9;111223-1111;Juan Carlos Perez Gomez;21/9/2025;21/9/2026;49,855.25;EDIFICIO;1;0-VIVIENDAS;CONCRETO_REF;Prueba 1 (Carga Masiva);591;2;206;20606;0;8080555
1_9;111223-1111;Juan Carlos Perez Gomez;21/9/2025;21/9/2026;49,710.50;EDIFICIO;1;0-VIVIENDAS;CONCRETO_REF;Prueba 1 (Carga Masiva);591;2;206;20606;0;8080556
1_9;111223-1111;Juan Carlos Perez Gomez;21/9/2025;21/9/2026;49,565.75;EDIFICIO;1;0-VIVIENDAS;CONCRETO_REF;Prueba 1 (Carga Masiva);591;2;206;20606;0;8080556
1_9;111223-1111;Juan Carlos Perez Gomez;21/9/2025;21/9/2026;49,421.00;EDIFICIO;1;0-VIVIENDAS;CONCRETO_REF;Prueba 1 (Carga Masiva);591;2;206;20606;0;8080557
1_9;111223-1111;Juan Carlos Perez Gomez;21/9/2025;21/9/2026;49,276.25;EDIFICIO;1;0-VIVIENDAS;CONCRETO_REF;Prueba 1 (Carga Masiva);591;2;206;20606;0;8080557
1_9;111223-1111;Juan Carlos Perez Gomez;21/9/2025;21/9/2026;49,131.50;EDIFICIO;1;0-VIVIENDAS;CONCRETO_REF;Prueba 1 (Carga Masiva);591;2;206;20606;0;8080558
1_9;111223-1111;Juan Carlos Perez Gomez;21/9/2025;21/9/2026;48,986.75;EDIFICIO;1;0-VIVIENDAS;CONCRETO_REF;Prueba 1 (Carga Masiva);591;2;206;20606;0;8080558
1_9;111223-1111;Juan Carlos Perez Gomez;28/9/2025;28/9/2026;48,842.00;EDIFICIO;1;0-VIVIENDAS;CONCRETO_REF;Prueba 1 (Carga Masiva);591;2;206;120150;0;8080841
1_10;111223-1111;Juan Carlos Perez Gomez;28/9/2025;28/9/2026;48,697.25;EDIFICIO;1;0-VIVIENDAS;CONCRETO_REF;Prueba 1 (Carga Masiva);591;2;206;120150;0;8080841
1_10;111223-1111;Juan Carlos Perez Gomez;28/9/2025;28/9/2026;48,552.50;EDIFICIO;1;0-VIVIENDAS;CONCRETO_REF;Prueba 1 (Carga Masiva);591;2;206;120150;0;8080842
1_10;111223-1111;Juan Carlos Perez Gomez;28/9/2025;28/9/2026;48,407.75;EDIFICIO;1;0-VIVIENDAS;CONCRETO_REF;Prueba 1 (Carga Masiva);591;2;206;120150;0;8080842
1_10;111223-1111;Juan Carlos Perez Gomez;28/9/2025;28/9/2026;48,263.00;EDIFICIO;1;0-VIVIENDAS;CONCRETO_REF;Prueba 1 (Carga Masiva);591;2;206;120167;0;1
1_10;111223-1111;Juan Carlos Perez Gomez;28/9/2025;28/9/2026;48,118.25;EDIFICIO;1;0-VIVIENDAS;CONCRETO_REF;Prueba 1 (Carga Masiva);591;2;206;120167;0;1
1_10;111223-1111;Juan Carlos Perez Gomez;28/9/2025;28/9/2026;47,973.50;EDIFICIO;1;0-VIVIENDAS;CONCRETO_REF;Prueba 1 (Carga Masiva);591;3;302;30201;0;8080228
1_10;111223-1111;Juan Carlos Perez Gomez;28/9/2025;28/9/2026;47,828.75;EDIFICIO;1;0-VIVIENDAS;CONCRETO_REF;Prueba 1 (Carga Masiva);591;3;302;30201;0;8080228
1_10;111223-1111;Juan Carlos Perez Gomez;28/9/2025;28/9/2026;47,684.00;EDIFICIO;1;0-VIVIENDAS;CONCRETO_REF;Prueba 1 (Carga Masiva);591;3;302;30202;0;8080229
1_10;111223-1111;Juan Carlos Perez Gomez;28/9/2025;28/9/2026;47,539.25;EDIFICIO;1;0-VIVIENDAS;CONCRETO_REF;Prueba 1 (Carga Masiva);591;3;302;30202;0;8080229
1_10;111223-1111;Juan Carlos Perez Gomez;28/9/2025;28/9/2026;47,394.50;EDIFICIO;1;0-VIVIENDAS;CONCRETO_REF;Prueba 1 (Carga Masiva);591;3;302;30204;0;8080374
1_10;111223-1111;Juan Carlos Perez Gomez;28/9/2025;28/9/2026;47,249.75;EDIFICIO;1;0-VIVIENDAS;CONCRETO_REF;Prueba 1 (Carga Masiva);591;3;302;30204;0;8080374
1_10;111223-1111;Juan Carlos Perez Gomez;28/9/2025;28/9/2026;47,105.00;EDIFICIO;1;0-VIVIENDAS;CONCRETO_REF;Prueba 1 (Carga Masiva);591;3;302;30206;0;8080381
1_10;111223-1111;Juan Carlos Perez Gomez;28/9/2025;28/9/2026;46,960.25;EDIFICIO;1;0-VIVIENDAS;CONCRETO_REF;Prueba 1 (Carga Masiva);591;3;302;30206;0;8080381
1_17;111223-1111;Juan Carlos Perez Gomez;28/9/2025;28/9/2026;46,815.50;EDIFICIO;1;0-VIVIENDAS;CONCRETO_REF;Prueba 1 (Carga Masiva);591;3;302;30206;0;8080382
1_17;111223-1111;Juan Carlos Perez Gomez;28/9/2025;28/9/2026;46,670.75;EDIFICIO;1;0-VIVIENDAS;CONCRETO_REF;Prueba 1 (Carga Masiva);591;3;302;30206;0;8080382
1_17;111223-1111;Juan Carlos Perez Gomez;28/9/2025;28/9/2026;46,526.00;EDIFICIO;1;0-VIVIENDAS;CONCRETO_REF;Prueba 1 (Carga Masiva);591;3;302;30206;0;8080383
1_17;111223-1111;Juan Carlos Perez Gomez;28/9/2025;28/9/2026;46,381.25;EDIFICIO;1;0-VIVIENDAS;CONCRETO_REF;Prueba 1 (Carga Masiva);591;3;302;30206;0;8080383
1_17;111223-1111;Juan Carlos Perez Gomez;28/9/2025;28/9/2026;46,236.50;EDIFICIO;1;0-VIVIENDAS;CONCRETO_REF;Prueba 1 (Carga Masiva);591;3;302;30211;0;1
1_17;111223-1111;Juan Carlos Perez Gomez;28/9/2025;28/9/2026;46,091.75;EDIFICIO;1;0-VIVIENDAS;CONCRETO_REF;Prueba 1 (Carga Masiva);591;3;302;30211;0;1
1_17;111223-1112;Juan Carlos Perez Gomez;1/10/2025;1/10/2026;50,000.00;EDIFICIO;1;0-VIVIENDAS;CONCRETO_REF;Prueba 1 (Carga Masiva);591;3;304;30404;0;1
1_17;04-0004-00380;LUIS JARAMILLO;1/10/2025;1/10/2026;49,855.25;EDIFICIO;1;0-VIVIENDAS;CONCRETO_REF;Prueba 1 (Carga Masiva);591;3;304;30404;0;1
1_17;04-0004-00380;LUIS JARAMILLO;1/10/2025;1/10/2026;49,710.50;EDIFICIO;1;0-VIVIENDAS;CONCRETO_REF;Prueba 1 (Carga Masiva);591;3;304;30404;0;2
1_17;04-0004-00380;LUIS JARAMILLO;1/10/2025;1/10/2026;49,565.75;EDIFICIO;1;0-VIVIENDAS;CONCRETO_REF;Prueba 1 (Carga Masiva);591;3;304;30404;0;2
1_17;04-0004-00380;LUIS JARAMILLO;1/10/2025;1/10/2026;49,421.00;EDIFICIO;1;0-VIVIENDAS;CONCRETO_REF;Prueba 1 (Carga Masiva);591;3;304;30404;0;3
1_17;04-0004-00380;LUIS JARAMILLO;1/10/2025;1/10/2026;49,276.25;EDIFICIO;1;0-VIVIENDAS;CONCRETO_REF;Prueba 1 (Carga Masiva);591;3;304;30404;0;3
1_17;04-0004-00380;LUIS JARAMILLO;1/10/2025;1/10/2026;49,131.50;EDIFICIO;1;0-VIVIENDAS;CONCRETO_REF;Prueba 1 (Carga Masiva);591;3;304;30404;0;4
1_17;04-0004-00380;LUIS JARAMILLO;1/10/2025;1/10/2026;48,986.75;EDIFICIO;1;0-VIVIENDAS;CONCRETO_REF;Prueba 1 (Carga Masiva);591;3;304;30404;0;4
1_9;111223-1111;Juan Carlos Perez Gomez;1/10/2025;1/10/2026;50,000.00;EDIFICIO;1;0-VIVIENDAS;CONCRETO_REF;Prueba 1 (Carga Masiva);591;4;401;40104;0;1
1_9;111223-1111;Juan Carlos Perez Gomez;1/10/2025;1/10/2026;49,855.25;EDIFICIO;1;0-VIVIENDAS;CONCRETO_REF;Prueba 1 (Carga Masiva);591;4;401;40104;0;1
1_9;111223-1111;Juan Carlos Perez Gomez;1/10/2025;1/10/2026;49,710.50;EDIFICIO;1;0-VIVIENDAS;CONCRETO_REF;Prueba 1 (Carga Masiva);591;4;404;40401;0;8080840
1_9;111223-1111;Juan Carlos Perez Gomez;1/10/2025;1/10/2026;49,565.75;EDIFICIO;1;0-VIVIENDAS;CONCRETO_REF;Prueba 1 (Carga Masiva);591;4;404;40401;0;8080840
1_9;111223-1111;Juan Carlos Perez Gomez;1/10/2025;1/10/2026;49,421.00;EDIFICIO;1;0-VIVIENDAS;CONCRETO_REF;Prueba 1 (Carga Masiva);591;4;404;40402;0;8080364
1_9;111223-1111;Juan Carlos Perez Gomez;1/10/2025;1/10/2026;49,276.25;EDIFICIO;1;0-VIVIENDAS;CONCRETO_REF;Prueba 1 (Carga Masiva);591;4;404;40402;0;8080364
1_9;111223-1111;Juan Carlos Perez Gomez;1/10/2025;1/10/2026;49,131.50;EDIFICIO;1;0-VIVIENDAS;CONCRETO_REF;Prueba 1 (Carga Masiva);591;4;404;40402;0;8080839
1_9;111223-1111;Juan Carlos Perez Gomez;1/10/2025;1/10/2026;48,986.75;EDIFICIO;1;0-VIVIENDAS;CONCRETO_REF;Prueba 1 (Carga Masiva);591;4;404;40402;0;8080839
1_9;111223-1111;Juan Carlos Perez Gomez;1/10/2025;1/10/2026;48,842.00;EDIFICIO;1;0-VIVIENDAS;CONCRETO_REF;Prueba 1 (Carga Masiva);591;4;405;40501;0;1
1_10;111223-1111;Juan Carlos Perez Gomez;1/10/2025;1/10/2026;48,697.25;EDIFICIO;1;0-VIVIENDAS;CONCRETO_REF;Prueba 1 (Carga Masiva);591;4;405;40501;0;1
1_10;111223-1111;Juan Carlos Perez Gomez;1/10/2025;1/10/2026;48,552.50;EDIFICIO;1;0-VIVIENDAS;CONCRETO_REF;Prueba 1 (Carga Masiva);591;4;405;40501;0;2
1_10;111223-1111;Juan Carlos Perez Gomez;1/10/2025;1/10/2026;48,407.75;EDIFICIO;1;0-VIVIENDAS;CONCRETO_REF;Prueba 1 (Carga Masiva);591;4;405;40501;0;2
1_10;111223-1111;Juan Carlos Perez Gomez;7/10/2025;7/10/2026;48,263.00;EDIFICIO;1;0-VIVIENDAS;CONCRETO_REF;Prueba 1 (Carga Masiva);591;4;405;40502;0;1
1_10;111223-1111;Juan Carlos Perez Gomez;7/10/2025;7/10/2026;48,118.25;EDIFICIO;1;0-VIVIENDAS;CONCRETO_REF;Prueba 1 (Carga Masiva);591;4;405;40502;0;1
1_10;111223-1111;Juan Carlos Perez Gomez;7/10/2025;7/10/2026;47,973.50;EDIFICIO;1;0-VIVIENDAS;CONCRETO_REF;Prueba 1 (Carga Masiva);591;4;405;120124;0;1
1_10;111223-1111;Juan Carlos Perez Gomez;7/10/2025;7/10/2026;47,828.75;EDIFICIO;1;0-VIVIENDAS;CONCRETO_REF;Prueba 1 (Carga Masiva);591;4;405;120124;0;1
1_10;111223-1111;Juan Carlos Perez Gomez;7/10/2025;7/10/2026;47,684.00;EDIFICIO;1;0-VIVIENDAS;CONCRETO_REF;Prueba 1 (Carga Masiva);591;4;406;40602;0;8080365
1_10;111223-1111;Juan Carlos Perez Gomez;7/10/2025;7/10/2026;47,539.25;EDIFICIO;1;0-VIVIENDAS;CONCRETO_REF;Prueba 1 (Carga Masiva);591;4;406;40602;0;8080365
1_10;111223-1111;Juan Carlos Perez Gomez;7/10/2025;7/10/2026;47,394.50;EDIFICIO;1;0-VIVIENDAS;CONCRETO_REF;Prueba 1 (Carga Masiva);591;4;406;40602;0;8080832
1_10;111223-1111;Juan Carlos Perez Gomez;7/10/2025;7/10/2026;47,249.75;EDIFICIO;1;0-VIVIENDAS;CONCRETO_REF;Prueba 1 (Carga Masiva);591;4;406;40602;0;8080832
1_10;111223-1111;Juan Carlos Perez Gomez;7/10/2025;7/10/2026;47,105.00;EDIFICIO;1;0-VIVIENDAS;CONCRETO_REF;Prueba 1 (Carga Masiva);591;4;406;40602;0;8080833
1_10;111223-1111;Juan Carlos Perez Gomez;7/10/2025;7/10/2026;46,960.25;EDIFICIO;1;0-VIVIENDAS;CONCRETO_REF;Prueba 1 (Carga Masiva);591;4;406;40602;0;8080833
1_17;111223-1111;Juan Carlos Perez Gomez;7/10/2025;7/10/2026;46,815.50;EDIFICIO;1;0-VIVIENDAS;CONCRETO_REF;Prueba 1 (Carga Masiva);591;4;406;40602;0;8080834
1_17;111223-1111;Juan Carlos Perez Gomez;7/10/2025;7/10/2026;46,670.75;EDIFICIO;1;0-VIVIENDAS;CONCRETO_REF;Prueba 1 (Carga Masiva);591;4;406;40602;0;8080834
1_17;111223-1111;Juan Carlos Perez Gomez;7/10/2025;7/10/2026;46,526.00;EDIFICIO;1;0-VIVIENDAS;CONCRETO_REF;Prueba 1 (Carga Masiva);591;4;406;40606;0;8080458
1_17;111223-1111;Juan Carlos Perez Gomez;7/10/2025;7/10/2026;46,381.25;EDIFICIO;1;0-VIVIENDAS;CONCRETO_REF;Prueba 1 (Carga Masiva);591;4;406;40606;0;8080458
1_17;111223-1111;Juan Carlos Perez Gomez;7/10/2025;7/10/2026;46,236.50;EDIFICIO;1;0-VIVIENDAS;CONCRETO_REF;Prueba 1 (Carga Masiva);591;4;406;40606;0;8080833
1_17;111223-1111;Juan Carlos Perez Gomez;7/10/2025;7/10/2026;46,091.75;EDIFICIO;1;0-VIVIENDAS;CONCRETO_REF;Prueba 1 (Carga Masiva);591;4;406;40606;0;8080833
1_17;111223-1112;Juan Carlos Perez Gomez;7/10/2025;7/10/2026;50,000.00;EDIFICIO;1;0-VIVIENDAS;CONCRETO_REF;Prueba 1 (Carga Masiva);591;4;407;40704;0;8080383
1_17;04-0004-00380;LUIS JARAMILLO;7/10/2025;7/10/2026;49,855.25;EDIFICIO;1;0-VIVIENDAS;CONCRETO_REF;Prueba 1 (Carga Masiva);591;4;407;40704;0;8080383
1_17;04-0004-00380;LUIS JARAMILLO;7/10/2025;7/10/2026;49,710.50;EDIFICIO;1;0-VIVIENDAS;CONCRETO_REF;Prueba 1 (Carga Masiva);591;4;407;40704;0;8080384
1_17;04-0004-00380;LUIS JARAMILLO;7/10/2025;7/10/2026;49,565.75;EDIFICIO;1;0-VIVIENDAS;CONCRETO_REF;Prueba 1 (Carga Masiva);591;4;407;40704;0;8080384
1_17;04-0004-00380;LUIS JARAMILLO;14/10/2025;14/10/2026;49,421.00;EDIFICIO;1;0-VIVIENDAS;CONCRETO_REF;Prueba 1 (Carga Masiva);591;4;407;40704;0;8080385
1_17;04-0004-00380;LUIS JARAMILLO;14/10/2025;14/10/2026;49,276.25;EDIFICIO;1;0-VIVIENDAS;CONCRETO_REF;Prueba 1 (Carga Masiva);591;4;407;40704;0;8080385
1_17;04-0004-00380;LUIS JARAMILLO;14/10/2025;14/10/2026;49,131.50;EDIFICIO;1;0-VIVIENDAS;CONCRETO_REF;Prueba 1 (Carga Masiva);591;4;407;40704;0;8080386
1_17;04-0004-00380;LUIS JARAMILLO;14/10/2025;14/10/2026;48,986.75;EDIFICIO;1;0-VIVIENDAS;CONCRETO_REF;Prueba 1 (Carga Masiva);591;4;407;40704;0;8080386
1_9;111223-1111;Juan Carlos Perez Gomez;14/10/2025;14/10/2026;50,000.00;EDIFICIO;1;0-VIVIENDAS;CONCRETO_REF;Prueba 1 (Carga Masiva);591;4;407;40704;0;8080387
1_9;111223-1111;Juan Carlos Perez Gomez;14/10/2025;14/10/2026;49,855.25;EDIFICIO;1;0-VIVIENDAS;CONCRETO_REF;Prueba 1 (Carga Masiva);591;4;407;40704;0;8080387
1_9;111223-1111;Juan Carlos Perez Gomez;14/10/2025;14/10/2026;49,710.50;EDIFICIO;1;0-VIVIENDAS;CONCRETO_REF;Prueba 1 (Carga Masiva);591;4;407;40704;0;8080388
1_9;111223-1111;Juan Carlos Perez Gomez;14/10/2025;14/10/2026;49,565.75;EDIFICIO;1;0-VIVIENDAS;CONCRETO_REF;Prueba 1 (Carga Masiva);591;4;407;40704;0;8080388
1_9;111223-1111;Juan Carlos Perez Gomez;14/10/2025;14/10/2026;49,421.00;EDIFICIO;1;0-VIVIENDAS;CONCRETO_REF;Prueba 1 (Carga Masiva);591;4;407;40704;0;8080389
1_9;111223-1111;Juan Carlos Perez Gomez;14/10/2025;14/10/2026;49,276.25;EDIFICIO;1;0-VIVIENDAS;CONCRETO_REF;Prueba 1 (Carga Masiva);591;4;407;40704;0;8080389
1_9;111223-1111;Juan Carlos Perez Gomez;14/10/2025;14/10/2026;49,131.50;EDIFICIO;1;0-VIVIENDAS;CONCRETO_REF;Prueba 1 (Carga Masiva);591;4;407;40704;0;8080390
1_9;111223-1111;Juan Carlos Perez Gomez;14/10/2025;14/10/2026;48,986.75;EDIFICIO;1;0-VIVIENDAS;CONCRETO_REF;Prueba 1 (Carga Masiva);591;4;407;40704;0;8080390
1_9;111223-1111;Juan Carlos Perez Gomez;14/10/2025;14/10/2026;48,842.00;EDIFICIO;1;0-VIVIENDAS;CONCRETO_REF;Prueba 1 (Carga Masiva);591;4;407;40704;0;8080391
1_10;111223-1111;Juan Carlos Perez Gomez;14/10/2025;14/10/2026;48,697.25;EDIFICIO;1;0-VIVIENDAS;CONCRETO_REF;Prueba 1 (Carga Masiva);591;4;407;40704;0;8080391
1_10;111223-1111;Juan Carlos Perez Gomez;14/10/2025;14/10/2026;48,552.50;EDIFICIO;1;0-VIVIENDAS;CONCRETO_REF;Prueba 1 (Carga Masiva);591;4;407;40704;0;8080392
1_10;111223-1111;Juan Carlos Perez Gomez;14/10/2025;14/10/2026;48,407.75;EDIFICIO;1;0-VIVIENDAS;CONCRETO_REF;Prueba 1 (Carga Masiva);591;4;407;40704;0;8080392
1_10;111223-1111;Juan Carlos Perez Gomez;14/10/2025;14/10/2026;48,263.00;EDIFICIO;1;0-VIVIENDAS;CONCRETO_REF;Prueba 1 (Carga Masiva);591;4;407;40704;0;8080393
1_10;111223-1111;Juan Carlos Perez Gomez;14/10/2025;14/10/2026;48,118.25;EDIFICIO;1;0-VIVIENDAS;CONCRETO_REF;Prueba 1 (Carga Masiva);591;4;407;40704;0;8080393
1_10;111223-1111;Juan Carlos Perez Gomez;14/10/2025;14/10/2026;47,973.50;EDIFICIO;1;0-VIVIENDAS;CONCRETO_REF;Prueba 1 (Carga Masiva);591;4;407;40704;0;8080394
1_10;111223-1111;Juan Carlos Perez Gomez;14/10/2025;14/10/2026;47,828.75;EDIFICIO;1;0-VIVIENDAS;CONCRETO_REF;Prueba 1 (Carga Masiva);591;4;407;40704;0;8080394
1_10;111223-1111;Juan Carlos Perez Gomez;21/10/2025;21/10/2026;47,684.00;EDIFICIO;1;0-VIVIENDAS;CONCRETO_REF;Prueba 1 (Carga Masiva);591;4;407;40704;0;8080395
1_10;111223-1111;Juan Carlos Perez Gomez;21/10/2025;21/10/2026;47,539.25;EDIFICIO;1;0-VIVIENDAS;CONCRETO_REF;Prueba 1 (Carga Masiva);591;4;407;40704;0;8080395
1_10;111223-1111;Juan Carlos Perez Gomez;21/10/2025;21/10/2026;47,394.50;EDIFICIO;1;0-VIVIENDAS;CONCRETO_REF;Prueba 1 (Carga Masiva);591;4;407;40704;0;8080396
1_10;111223-1111;Juan Carlos Perez Gomez;21/10/2025;21/10/2026;47,249.75;EDIFICIO;1;0-VIVIENDAS;CONCRETO_REF;Prueba 1 (Carga Masiva);591;4;407;40704;0;8080396
1_10;111223-1111;Juan Carlos Perez Gomez;21/10/2025;21/10/2026;47,105.00;EDIFICIO;1;0-VIVIENDAS;CONCRETO_REF;Prueba 1 (Carga Masiva);591;4;407;40704;0;8080397
1_10;111223-1111;Juan Carlos Perez Gomez;21/10/2025;21/10/2026;46,960.25;EDIFICIO;1;0-VIVIENDAS;CONCRETO_REF;Prueba 1 (Carga Masiva);591;4;407;40704;0;8080397
1_17;111223-1111;Juan Carlos Perez Gomez;21/10/2025;21/10/2026;46,815.50;EDIFICIO;1;0-VIVIENDAS;CONCRETO_REF;Prueba 1 (Carga Masiva);591;4;407;40704;0;8080398
1_17;111223-1111;Juan Carlos Perez Gomez;21/10/2025;21/10/2026;46,670.75;EDIFICIO;1;0-VIVIENDAS;CONCRETO_REF;Prueba 1 (Carga Masiva);591;4;407;40704;0;8080398
1_17;111223-1111;Juan Carlos Perez Gomez;21/10/2025;21/10/2026;46,526.00;EDIFICIO;1;0-VIVIENDAS;CONCRETO_REF;Prueba 1 (Carga Masiva);591;4;407;40704;0;8080399
1_17;111223-1111;Juan Carlos Perez Gomez;21/10/2025;21/10/2026;46,381.25;EDIFICIO;1;0-VIVIENDAS;CONCRETO_REF;Prueba 1 (Carga Masiva);591;4;407;40704;0;8080399
1_17;111223-1111;Juan Carlos Perez Gomez;21/10/2025;21/10/2026;46,236.50;EDIFICIO;1;0-VIVIENDAS;CONCRETO_REF;Prueba 1 (Carga Masiva);591;4;407;40704;0;8080400
1_17;111223-1111;Juan Carlos Perez Gomez;21/10/2025;21/10/2026;46,091.75;EDIFICIO;1;0-VIVIENDAS;CONCRETO_REF;Prueba 1 (Carga Masiva);591;4;407;40704;0;8080400
1_17;111223-1112;Juan Carlos Perez Gomez;21/10/2025;21/10/2026;50,000.00;EDIFICIO;1;0-VIVIENDAS;CONCRETO_REF;Prueba 1 (Carga Masiva);591;4;407;40704;0;8080401
1_17;04-0004-00380;LUIS JARAMILLO;21/10/2025;21/10/2026;49,855.25;EDIFICIO;1;0-VIVIENDAS;CONCRETO_REF;Prueba 1 (Carga Masiva);591;4;407;40704;0;8080401
1_17;04-0004-00380;LUIS JARAMILLO;21/10/2025;21/10/2026;49,710.50;EDIFICIO;1;0-VIVIENDAS;CONCRETO_REF;Prueba 1 (Carga Masiva);591;4;407;40706;0;8080474
1_17;04-0004-00380;LUIS JARAMILLO;21/10/2025;21/10/2026;49,565.75;EDIFICIO;1;0-VIVIENDAS;CONCRETO_REF;Prueba 1 (Carga Masiva);591;4;407;40706;0;8080474
1_17;04-0004-00380;LUIS JARAMILLO;21/10/2025;21/10/2026;49,421.00;EDIFICIO;1;0-VIVIENDAS;CONCRETO_REF;Prueba 1 (Carga Masiva);591;4;407;40709;0;8080823
1_17;04-0004-00380;LUIS JARAMILLO;21/10/2025;21/10/2026;49,276.25;EDIFICIO;1;0-VIVIENDAS;CONCRETO_REF;Prueba 1 (Carga Masiva);591;4;407;40709;0;8080823
1_17;04-0004-00380;LUIS JARAMILLO;21/10/2025;21/10/2026;49,131.50;EDIFICIO;1;0-VIVIENDAS;CONCRETO_REF;Prueba 1 (Carga Masiva);591;4;407;40709;0;8080842
1_17;04-0004-00380;LUIS JARAMILLO;21/10/2025;21/10/2026;48,986.75;EDIFICIO;1;0-VIVIENDAS;CONCRETO_REF;Prueba 1 (Carga Masiva);591;4;407;40709;0;8080842
1_9;111223-1111;Juan Carlos Perez Gomez;28/10/2025;28/10/2026;50,000.00;EDIFICIO;1;0-VIVIENDAS;CONCRETO_REF;Prueba 1 (Carga Masiva);591;4;407;40710;0;8080810
1_9;111223-1111;Juan Carlos Perez Gomez;28/10/2025;28/10/2026;49,855.25;EDIFICIO;1;0-VIVIENDAS;CONCRETO_REF;Prueba 1 (Carga Masiva);591;4;407;40710;0;8080810
1_9;111223-1111;Juan Carlos Perez Gomez;28/10/2025;28/10/2026;49,710.50;EDIFICIO;1;0-VIVIENDAS;CONCRETO_REF;Prueba 1 (Carga Masiva);591;4;407;40710;0;8080814
1_9;111223-1111;Juan Carlos Perez Gomez;28/10/2025;28/10/2026;49,565.75;EDIFICIO;1;0-VIVIENDAS;CONCRETO_REF;Prueba 1 (Carga Masiva);591;4;407;40710;0;8080814
1_9;111223-1111;Juan Carlos Perez Gomez;28/10/2025;28/10/2026;49,421.00;EDIFICIO;1;0-VIVIENDAS;CONCRETO_REF;Prueba 1 (Carga Masiva);591;4;407;40710;0;8080824
1_9;111223-1111;Juan Carlos Perez Gomez;28/10/2025;28/10/2026;49,276.25;EDIFICIO;1;0-VIVIENDAS;CONCRETO_REF;Prueba 1 (Carga Masiva);591;4;407;40710;0;8080824
1_9;111223-1111;Juan Carlos Perez Gomez;28/10/2025;28/10/2026;49,131.50;EDIFICIO;1;0-VIVIENDAS;CONCRETO_REF;Prueba 1 (Carga Masiva);591;4;407;120128;0;8080838
1_9;111223-1111;Juan Carlos Perez Gomez;28/10/2025;28/10/2026;48,986.75;EDIFICIO;1;0-VIVIENDAS;CONCRETO_REF;Prueba 1 (Carga Masiva);591;4;407;120128;0;8080838
1_9;111223-1111;Juan Carlos Perez Gomez;28/10/2025;28/10/2026;48,842.00;EDIFICIO;1;0-VIVIENDAS;CONCRETO_REF;Prueba 1 (Carga Masiva);591;4;407;120128;0;8080839
1_10;111223-1111;Juan Carlos Perez Gomez;28/10/2025;28/10/2026;48,697.25;EDIFICIO;1;0-VIVIENDAS;CONCRETO_REF;Prueba 1 (Carga Masiva);591;4;407;120128;0;8080839
1_10;111223-1111;Juan Carlos Perez Gomez;28/10/2025;28/10/2026;48,552.50;EDIFICIO;1;0-VIVIENDAS;CONCRETO_REF;Prueba 1 (Carga Masiva);591;4;408;40801;0;1
1_10;111223-1111;Juan Carlos Perez Gomez;28/10/2025;28/10/2026;48,407.75;EDIFICIO;1;0-VIVIENDAS;CONCRETO_REF;Prueba 1 (Carga Masiva);591;4;408;40801;0;1
1_10;111223-1111;Juan Carlos Perez Gomez;28/10/2025;28/10/2026;48,263.00;EDIFICIO;1;0-VIVIENDAS;CONCRETO_REF;Prueba 1 (Carga Masiva);591;4;408;120126;0;8080817
1_10;111223-1111;Juan Carlos Perez Gomez;28/10/2025;28/10/2026;48,118.25;EDIFICIO;1;0-VIVIENDAS;CONCRETO_REF;Prueba 1 (Carga Masiva);591;4;408;120126;0;8080817
1_10;111223-1111;Juan Carlos Perez Gomez;28/10/2025;28/10/2026;47,973.50;EDIFICIO;1;0-VIVIENDAS;CONCRETO_REF;Prueba 1 (Carga Masiva);591;4;415;120138;0;1
1_10;111223-1111;Juan Carlos Perez Gomez;28/10/2025;28/10/2026;47,828.75;EDIFICIO;1;0-VIVIENDAS;CONCRETO_REF;Prueba 1 (Carga Masiva);591;4;415;120138;0;1
1_10;111223-1111;Juan Carlos Perez Gomez;28/10/2025;28/10/2026;47,684.00;EDIFICIO;1;0-VIVIENDAS;CONCRETO_REF;Prueba 1 (Carga Masiva);591;6;601;60101;0;8080377
1_10;111223-1111;Juan Carlos Perez Gomez;28/10/2025;28/10/2026;47,539.25;EDIFICIO;1;0-VIVIENDAS;CONCRETO_REF;Prueba 1 (Carga Masiva);591;6;601;60101;0;8080377
1_10;111223-1111;Juan Carlos Perez Gomez;28/10/2025;28/10/2026;47,394.50;EDIFICIO;1;0-VIVIENDAS;CONCRETO_REF;Prueba 1 (Carga Masiva);591;6;601;60101;0;8080378
1_10;111223-1111;Juan Carlos Perez Gomez;28/10/2025;28/10/2026;47,249.75;EDIFICIO;1;0-VIVIENDAS;CONCRETO_REF;Prueba 1 (Carga Masiva);591;6;601;60101;0;8080378
1_10;111223-1111;Juan Carlos Perez Gomez;1/11/2025;1/11/2026;47,105.00;EDIFICIO;1;0-VIVIENDAS;CONCRETO_REF;Prueba 1 (Carga Masiva);591;6;601;60101;0;8080379
1_10;111223-1111;Juan Carlos Perez Gomez;1/11/2025;1/11/2026;46,960.25;EDIFICIO;1;0-VIVIENDAS;CONCRETO_REF;Prueba 1 (Carga Masiva);591;6;601;60101;0;8080379
1_17;111223-1111;Juan Carlos Perez Gomez;1/11/2025;1/11/2026;46,815.50;EDIFICIO;1;0-VIVIENDAS;CONCRETO_REF;Prueba 1 (Carga Masiva);591;6;601;60101;0;8080844
1_17;111223-1111;Juan Carlos Perez Gomez;1/11/2025;1/11/2026;46,670.75;EDIFICIO;1;0-VIVIENDAS;CONCRETO_REF;Prueba 1 (Carga Masiva);591;6;601;60101;0;8080844
1_17;111223-1111;Juan Carlos Perez Gomez;1/11/2025;1/11/2026;46,526.00;EDIFICIO;1;0-VIVIENDAS;CONCRETO_REF;Prueba 1 (Carga Masiva);591;6;601;60101;0;8080845
1_17;111223-1111;Juan Carlos Perez Gomez;1/11/2025;1/11/2026;46,381.25;EDIFICIO;1;0-VIVIENDAS;CONCRETO_REF;Prueba 1 (Carga Masiva);591;6;601;60101;0;8080845
1_17;111223-1111;Juan Carlos Perez Gomez;1/11/2025;1/11/2026;46,236.50;EDIFICIO;1;0-VIVIENDAS;CONCRETO_REF;Prueba 1 (Carga Masiva);591;6;601;60101;0;8080846
1_17;111223-1111;Juan Carlos Perez Gomez;1/11/2025;1/11/2026;46,091.75;EDIFICIO;1;0-VIVIENDAS;CONCRETO_REF;Prueba 1 (Carga Masiva);591;6;601;60101;0;8080846
1_17;111223-1112;Juan Carlos Perez Gomez;1/11/2025;1/11/2026;50,000.00;EDIFICIO;1;0-VIVIENDAS;CONCRETO_REF;Prueba 1 (Carga Masiva);591;6;601;60101;0;8080847
1_17;04-0004-00380;LUIS JARAMILLO;1/11/2025;1/11/2026;49,855.25;EDIFICIO;1;0-VIVIENDAS;CONCRETO_REF;Prueba 1 (Carga Masiva);591;6;601;60101;0;8080847
1_17;04-0004-00380;LUIS JARAMILLO;1/11/2025;1/11/2026;49,710.50;EDIFICIO;1;0-VIVIENDAS;CONCRETO_REF;Prueba 1 (Carga Masiva);591;6;601;60101;0;8080848
1_17;04-0004-00380;LUIS JARAMILLO;1/11/2025;1/11/2026;49,565.75;EDIFICIO;1;0-VIVIENDAS;CONCRETO_REF;Prueba 1 (Carga Masiva);591;6;601;60101;0;8080848
1_17;04-0004-00380;LUIS JARAMILLO;1/11/2025;1/11/2026;49,421.00;EDIFICIO;1;0-VIVIENDAS;CONCRETO_REF;Prueba 1 (Carga Masiva);591;6;601;60101;0;8080849
1_17;04-0004-00380;LUIS JARAMILLO;1/11/2025;1/11/2026;49,276.25;EDIFICIO;1;0-VIVIENDAS;CONCRETO_REF;Prueba 1 (Carga Masiva);591;6;601;60101;0;8080849
1_17;04-0004-00380;LUIS JARAMILLO;1/11/2025;1/11/2026;49,131.50;EDIFICIO;1;0-VIVIENDAS;CONCRETO_REF;Prueba 1 (Carga Masiva);591;6;601;60102;0;8080457
1_17;04-0004-00380;LUIS JARAMILLO;1/11/2025;1/11/2026;48,986.75;EDIFICIO;1;0-VIVIENDAS;CONCRETO_REF;Prueba 1 (Carga Masiva);591;6;601;60102;0;8080457
1_9;111223-1111;Juan Carlos Perez Gomez;1/11/2025;1/11/2026;50,000.00;EDIFICIO;1;0-VIVIENDAS;CONCRETO_REF;Prueba 1 (Carga Masiva);591;6;601;60103;0;8080822
1_9;111223-1111;Juan Carlos Perez Gomez;1/11/2025;1/11/2026;49,855.25;EDIFICIO;1;0-VIVIENDAS;CONCRETO_REF;Prueba 1 (Carga Masiva);591;6;601;60103;0;8080822
1_9;111223-1111;Juan Carlos Perez Gomez;1/11/2025;1/11/2026;49,710.50;EDIFICIO;1;0-VIVIENDAS;CONCRETO_REF;Prueba 1 (Carga Masiva);591;6;601;60104;0;8080477
1_9;111223-1111;Juan Carlos Perez Gomez;1/11/2025;1/11/2026;49,565.75;EDIFICIO;1;0-VIVIENDAS;CONCRETO_REF;Prueba 1 (Carga Masiva);591;6;601;60104;0;8080477
1_9;111223-1111;Juan Carlos Perez Gomez;7/11/2025;7/11/2026;49,421.00;EDIFICIO;1;0-VIVIENDAS;CONCRETO_REF;Prueba 1 (Carga Masiva);591;6;601;60104;0;8080478
1_9;111223-1111;Juan Carlos Perez Gomez;7/11/2025;7/11/2026;49,276.25;EDIFICIO;1;0-VIVIENDAS;CONCRETO_REF;Prueba 1 (Carga Masiva);591;6;601;60104;0;8080478
1_9;111223-1111;Juan Carlos Perez Gomez;7/11/2025;7/11/2026;49,131.50;EDIFICIO;1;0-VIVIENDAS;CONCRETO_REF;Prueba 1 (Carga Masiva);591;6;601;60104;0;8080479
1_9;111223-1111;Juan Carlos Perez Gomez;7/11/2025;7/11/2026;48,986.75;EDIFICIO;1;0-VIVIENDAS;CONCRETO_REF;Prueba 1 (Carga Masiva);591;6;601;60104;0;8080479
1_9;111223-1111;Juan Carlos Perez Gomez;7/11/2025;7/11/2026;48,842.00;EDIFICIO;1;0-VIVIENDAS;CONCRETO_REF;Prueba 1 (Carga Masiva);591;6;601;60104;0;8080480
1_10;111223-1111;Juan Carlos Perez Gomez;7/11/2025;7/11/2026;48,697.25;EDIFICIO;1;0-VIVIENDAS;CONCRETO_REF;Prueba 1 (Carga Masiva);591;6;601;60104;0;8080480
1_10;111223-1111;Juan Carlos Perez Gomez;7/11/2025;7/11/2026;48,552.50;EDIFICIO;1;0-VIVIENDAS;CONCRETO_REF;Prueba 1 (Carga Masiva);591;6;601;60104;0;8080815
1_10;111223-1111;Juan Carlos Perez Gomez;7/11/2025;7/11/2026;48,407.75;EDIFICIO;1;0-VIVIENDAS;CONCRETO_REF;Prueba 1 (Carga Masiva);591;6;601;60104;0;8080815
1_10;111223-1111;Juan Carlos Perez Gomez;7/11/2025;7/11/2026;48,263.00;EDIFICIO;1;0-VIVIENDAS;CONCRETO_REF;Prueba 1 (Carga Masiva);591;6;601;60105;0;8080737
1_10;111223-1111;Juan Carlos Perez Gomez;7/11/2025;7/11/2026;48,118.25;EDIFICIO;1;0-VIVIENDAS;CONCRETO_REF;Prueba 1 (Carga Masiva);591;6;601;60105;0;8080737
1_10;111223-1111;Juan Carlos Perez Gomez;7/11/2025;7/11/2026;47,973.50;EDIFICIO;1;0-VIVIENDAS;CONCRETO_REF;Prueba 1 (Carga Masiva);591;6;601;60105;0;8080738
1_10;111223-1111;Juan Carlos Perez Gomez;7/11/2025;7/11/2026;47,828.75;EDIFICIO;1;0-VIVIENDAS;CONCRETO_REF;Prueba 1 (Carga Masiva);591;6;601;60105;0;8080738
1_10;111223-1111;Juan Carlos Perez Gomez;7/11/2025;7/11/2026;47,684.00;EDIFICIO;1;0-VIVIENDAS;CONCRETO_REF;Prueba 1 (Carga Masiva);591;6;601;60105;0;8080739
1_10;111223-1111;Juan Carlos Perez Gomez;7/11/2025;7/11/2026;47,539.25;EDIFICIO;1;0-VIVIENDAS;CONCRETO_REF;Prueba 1 (Carga Masiva);591;6;601;60105;0;8080739
1_10;111223-1111;Juan Carlos Perez Gomez;7/11/2025;7/11/2026;47,394.50;EDIFICIO;1;0-VIVIENDAS;CONCRETO_REF;Prueba 1 (Carga Masiva);591;6;601;60105;0;8080740
1_10;111223-1111;Juan Carlos Perez Gomez;7/11/2025;7/11/2026;47,249.75;EDIFICIO;1;0-VIVIENDAS;CONCRETO_REF;Prueba 1 (Carga Masiva);591;6;601;60105;0;8080740
1_10;111223-1111;Juan Carlos Perez Gomez;7/11/2025;7/11/2026;47,105.00;EDIFICIO;1;0-VIVIENDAS;CONCRETO_REF;Prueba 1 (Carga Masiva);591;6;601;60105;0;8080741
1_10;111223-1111;Juan Carlos Perez Gomez;7/11/2025;7/11/2026;46,960.25;EDIFICIO;1;0-VIVIENDAS;CONCRETO_REF;Prueba 1 (Carga Masiva);591;6;601;60105;0;8080741
1_17;111223-1111;Juan Carlos Perez Gomez;7/11/2025;7/11/2026;46,815.50;EDIFICIO;1;0-VIVIENDAS;CONCRETO_REF;Prueba 1 (Carga Masiva);591;7;701;70104;0;8080397
1_17;111223-1111;Juan Carlos Perez Gomez;7/11/2025;7/11/2026;46,670.75;EDIFICIO;1;0-VIVIENDAS;CONCRETO_REF;Prueba 1 (Carga Masiva);591;7;701;70104;0;8080397
1_17;111223-1111;Juan Carlos Perez Gomez;14/11/2025;14/11/2026;46,526.00;EDIFICIO;1;0-VIVIENDAS;CONCRETO_REF;Prueba 1 (Carga Masiva);591;7;701;70104;0;8080834
1_17;111223-1111;Juan Carlos Perez Gomez;14/11/2025;14/11/2026;46,381.25;EDIFICIO;1;0-VIVIENDAS;CONCRETO_REF;Prueba 1 (Carga Masiva);591;7;701;70104;0;8080834
1_17;111223-1111;Juan Carlos Perez Gomez;14/11/2025;14/11/2026;46,236.50;EDIFICIO;1;0-VIVIENDAS;CONCRETO_REF;Prueba 1 (Carga Masiva);591;7;702;70213;0;8080475
1_17;111223-1111;Juan Carlos Perez Gomez;14/11/2025;14/11/2026;46,091.75;EDIFICIO;1;0-VIVIENDAS;CONCRETO_REF;Prueba 1 (Carga Masiva);591;7;702;70213;0;8080475
1_17;111223-1112;Juan Carlos Perez Gomez;14/11/2025;14/11/2026;50,000.00;EDIFICIO;1;0-VIVIENDAS;CONCRETO_REF;Prueba 1 (Carga Masiva);591;7;702;70213;0;8080476
1_17;04-0004-00380;LUIS JARAMILLO;14/11/2025;14/11/2026;49,855.25;EDIFICIO;1;0-VIVIENDAS;CONCRETO_REF;Prueba 1 (Carga Masiva);591;7;702;70213;0;8080476
1_17;04-0004-00380;LUIS JARAMILLO;14/11/2025;14/11/2026;49,710.50;EDIFICIO;1;0-VIVIENDAS;CONCRETO_REF;Prueba 1 (Carga Masiva);591;7;702;70213;0;8080477
1_17;04-0004-00380;LUIS JARAMILLO;14/11/2025;14/11/2026;49,565.75;EDIFICIO;1;0-VIVIENDAS;CONCRETO_REF;Prueba 1 (Carga Masiva);591;7;702;70213;0;8080477
1_17;04-0004-00380;LUIS JARAMILLO;14/11/2025;14/11/2026;49,421.00;EDIFICIO;1;0-VIVIENDAS;CONCRETO_REF;Prueba 1 (Carga Masiva);591;7;702;70213;0;8080478
1_17;04-0004-00380;LUIS JARAMILLO;14/11/2025;14/11/2026;49,276.25;EDIFICIO;1;0-VIVIENDAS;CONCRETO_REF;Prueba 1 (Carga Masiva);591;7;702;70213;0;8080478
1_17;04-0004-00380;LUIS JARAMILLO;14/11/2025;14/11/2026;49,131.50;EDIFICIO;1;0-VIVIENDAS;CONCRETO_REF;Prueba 1 (Carga Masiva);591;7;702;70214;0;8080476
1_17;04-0004-00380;LUIS JARAMILLO;14/11/2025;14/11/2026;48,986.75;EDIFICIO;1;0-VIVIENDAS;CONCRETO_REF;Prueba 1 (Carga Masiva);591;7;702;70214;0;8080476
1_9;111223-1111;Juan Carlos Perez Gomez;14/11/2025;14/11/2026;50,000.00;EDIFICIO;1;0-VIVIENDAS;CONCRETO_REF;Prueba 1 (Carga Masiva);591;7;702;120133;0;1
1_9;111223-1111;Juan Carlos Perez Gomez;14/11/2025;14/11/2026;49,855.25;EDIFICIO;1;0-VIVIENDAS;CONCRETO_REF;Prueba 1 (Carga Masiva);591;7;702;120133;0;1
1_9;111223-1111;Juan Carlos Perez Gomez;14/11/2025;14/11/2026;49,710.50;EDIFICIO;1;0-VIVIENDAS;CONCRETO_REF;Prueba 1 (Carga Masiva);591;7;703;70305;0;8080459
1_9;111223-1111;Juan Carlos Perez Gomez;14/11/2025;14/11/2026;49,565.75;EDIFICIO;1;0-VIVIENDAS;CONCRETO_REF;Prueba 1 (Carga Masiva);591;7;703;70305;0;8080459
1_9;111223-1111;Juan Carlos Perez Gomez;14/11/2025;14/11/2026;49,421.00;EDIFICIO;1;0-VIVIENDAS;CONCRETO_REF;Prueba 1 (Carga Masiva);591;7;703;70305;0;8080460
1_9;111223-1111;Juan Carlos Perez Gomez;14/11/2025;14/11/2026;49,276.25;EDIFICIO;1;0-VIVIENDAS;CONCRETO_REF;Prueba 1 (Carga Masiva);591;7;703;70305;0;8080460
1_9;111223-1111;Juan Carlos Perez Gomez;14/11/2025;14/11/2026;49,131.50;EDIFICIO;1;0-VIVIENDAS;CONCRETO_REF;Prueba 1 (Carga Masiva);591;7;703;120154;0;8080821
1_9;111223-1111;Juan Carlos Perez Gomez;14/11/2025;14/11/2026;48,986.75;EDIFICIO;1;0-VIVIENDAS;CONCRETO_REF;Prueba 1 (Carga Masiva);591;7;703;120154;0;8080821
1_9;111223-1111;Juan Carlos Perez Gomez;21/11/2025;21/11/2026;48,842.00;EDIFICIO;1;0-VIVIENDAS;CONCRETO_REF;Prueba 1 (Carga Masiva);591;7;705;70504;0;1
1_10;111223-1111;Juan Carlos Perez Gomez;21/11/2025;21/11/2026;48,697.25;EDIFICIO;1;0-VIVIENDAS;CONCRETO_REF;Prueba 1 (Carga Masiva);591;7;705;70504;0;1
1_10;111223-1111;Juan Carlos Perez Gomez;21/11/2025;21/11/2026;48,552.50;EDIFICIO;1;0-VIVIENDAS;CONCRETO_REF;Prueba 1 (Carga Masiva);591;8;202;20208;0;8080804
1_10;111223-1111;Juan Carlos Perez Gomez;21/11/2025;21/11/2026;48,407.75;EDIFICIO;1;0-VIVIENDAS;CONCRETO_REF;Prueba 1 (Carga Masiva);591;8;202;20208;0;8080804
1_10;111223-1111;Juan Carlos Perez Gomez;21/11/2025;21/11/2026;48,263.00;EDIFICIO;1;0-VIVIENDAS;CONCRETO_REF;Prueba 1 (Carga Masiva);591;8;808;80801;0;8080181
1_10;111223-1111;Juan Carlos Perez Gomez;21/11/2025;21/11/2026;48,118.25;EDIFICIO;1;0-VIVIENDAS;CONCRETO_REF;Prueba 1 (Carga Masiva);591;8;808;80801;0;8080181
1_10;111223-1111;Juan Carlos Perez Gomez;21/11/2025;21/11/2026;47,973.50;EDIFICIO;1;0-VIVIENDAS;CONCRETO_REF;Prueba 1 (Carga Masiva);591;8;808;80801;0;8080182
1_10;111223-1111;Juan Carlos Perez Gomez;21/11/2025;21/11/2026;47,828.75;EDIFICIO;1;0-VIVIENDAS;CONCRETO_REF;Prueba 1 (Carga Masiva);591;8;808;80801;0;8080182
1_10;111223-1111;Juan Carlos Perez Gomez;21/11/2025;21/11/2026;47,684.00;EDIFICIO;1;0-VIVIENDAS;CONCRETO_REF;Prueba 1 (Carga Masiva);591;8;808;80801;0;8080183
1_10;111223-1111;Juan Carlos Perez Gomez;21/11/2025;21/11/2026;47,539.25;EDIFICIO;1;0-VIVIENDAS;CONCRETO_REF;Prueba 1 (Carga Masiva);591;8;808;80801;0;8080183
1_10;111223-1111;Juan Carlos Perez Gomez;21/11/2025;21/11/2026;47,394.50;EDIFICIO;1;0-VIVIENDAS;CONCRETO_REF;Prueba 1 (Carga Masiva);591;8;808;80801;0;8080184
1_10;111223-1111;Juan Carlos Perez Gomez;21/11/2025;21/11/2026;47,249.75;EDIFICIO;1;0-VIVIENDAS;CONCRETO_REF;Prueba 1 (Carga Masiva);591;8;808;80801;0;8080184
1_10;111223-1111;Juan Carlos Perez Gomez;21/11/2025;21/11/2026;47,105.00;EDIFICIO;1;0-VIVIENDAS;CONCRETO_REF;Prueba 1 (Carga Masiva);591;8;808;80801;0;8080185
1_10;111223-1111;Juan Carlos Perez Gomez;21/11/2025;21/11/2026;46,960.25;EDIFICIO;1;0-VIVIENDAS;CONCRETO_REF;Prueba 1 (Carga Masiva);591;8;808;80801;0;8080185
1_17;111223-1111;Juan Carlos Perez Gomez;21/11/2025;21/11/2026;46,815.50;EDIFICIO;1;0-VIVIENDAS;CONCRETO_REF;Prueba 1 (Carga Masiva);591;8;808;80801;0;8080186
1_17;111223-1111;Juan Carlos Perez Gomez;21/11/2025;21/11/2026;46,670.75;EDIFICIO;1;0-VIVIENDAS;CONCRETO_REF;Prueba 1 (Carga Masiva);591;8;808;80801;0;8080186
1_17;111223-1111;Juan Carlos Perez Gomez;21/11/2025;21/11/2026;46,526.00;EDIFICIO;1;0-VIVIENDAS;CONCRETO_REF;Prueba 1 (Carga Masiva);591;8;808;80801;0;8080187
1_17;111223-1111;Juan Carlos Perez Gomez;21/11/2025;21/11/2026;46,381.25;EDIFICIO;1;0-VIVIENDAS;CONCRETO_REF;Prueba 1 (Carga Masiva);591;8;808;80801;0;8080187
1_17;111223-1111;Juan Carlos Perez Gomez;21/11/2025;21/11/2026;46,236.50;EDIFICIO;1;0-VIVIENDAS;CONCRETO_REF;Prueba 1 (Carga Masiva);591;8;808;80801;0;8080188
1_17;111223-1111;Juan Carlos Perez Gomez;21/11/2025;21/11/2026;46,091.75;EDIFICIO;1;0-VIVIENDAS;CONCRETO_REF;Prueba 1 (Carga Masiva);591;8;808;80801;0;8080188
1_17;111223-1112;Juan Carlos Perez Gomez;28/11/2025;28/11/2026;50,000.00;EDIFICIO;1;0-VIVIENDAS;CONCRETO_REF;Prueba 1 (Carga Masiva);591;8;808;80801;0;8080189
1_17;04-0004-00380;LUIS JARAMILLO;28/11/2025;28/11/2026;49,855.25;EDIFICIO;1;0-VIVIENDAS;CONCRETO_REF;Prueba 1 (Carga Masiva);591;8;808;80801;0;8080189
1_17;04-0004-00380;LUIS JARAMILLO;28/11/2025;28/11/2026;49,710.50;EDIFICIO;1;0-VIVIENDAS;CONCRETO_REF;Prueba 1 (Carga Masiva);591;8;808;80801;0;8080190
1_17;04-0004-00380;LUIS JARAMILLO;28/11/2025;28/11/2026;49,565.75;EDIFICIO;1;0-VIVIENDAS;CONCRETO_REF;Prueba 1 (Carga Masiva);591;8;808;80801;0;8080190
1_17;04-0004-00380;LUIS JARAMILLO;28/11/2025;28/11/2026;49,421.00;EDIFICIO;1;0-VIVIENDAS;CONCRETO_REF;Prueba 1 (Carga Masiva);591;8;808;80801;0;8080191
1_17;04-0004-00380;LUIS JARAMILLO;28/11/2025;28/11/2026;49,276.25;EDIFICIO;1;0-VIVIENDAS;CONCRETO_REF;Prueba 1 (Carga Masiva);591;8;808;80801;0;8080191
1_17;04-0004-00380;LUIS JARAMILLO;28/11/2025;28/11/2026;49,131.50;EDIFICIO;1;0-VIVIENDAS;CONCRETO_REF;Prueba 1 (Carga Masiva);591;8;808;80801;0;8080192
1_17;04-0004-00380;LUIS JARAMILLO;28/11/2025;28/11/2026;48,986.75;EDIFICIO;1;0-VIVIENDAS;CONCRETO_REF;Prueba 1 (Carga Masiva);591;8;808;80801;0;8080192
1_9;111223-1111;Juan Carlos Perez Gomez;28/11/2025;28/11/2026;50,000.00;EDIFICIO;1;0-VIVIENDAS;CONCRETO_REF;Prueba 1 (Carga Masiva);591;8;808;80801;0;8080193
1_9;111223-1111;Juan Carlos Perez Gomez;28/11/2025;28/11/2026;49,855.25;EDIFICIO;1;0-VIVIENDAS;CONCRETO_REF;Prueba 1 (Carga Masiva);591;8;808;80801;0;8080193
1_9;111223-1111;Juan Carlos Perez Gomez;28/11/2025;28/11/2026;49,710.50;EDIFICIO;1;0-VIVIENDAS;CONCRETO_REF;Prueba 1 (Carga Masiva);591;8;808;80801;0;8080194
1_9;111223-1111;Juan Carlos Perez Gomez;28/11/2025;28/11/2026;49,565.75;EDIFICIO;1;0-VIVIENDAS;CONCRETO_REF;Prueba 1 (Carga Masiva);591;8;808;80801;0;8080194
1_9;111223-1111;Juan Carlos Perez Gomez;28/11/2025;28/11/2026;49,421.00;EDIFICIO;1;0-VIVIENDAS;CONCRETO_REF;Prueba 1 (Carga Masiva);591;8;808;80801;0;8080195
1_9;111223-1111;Juan Carlos Perez Gomez;28/11/2025;28/11/2026;49,276.25;EDIFICIO;1;0-VIVIENDAS;CONCRETO_REF;Prueba 1 (Carga Masiva);591;8;808;80801;0;8080195
1_9;111223-1111;Juan Carlos Perez Gomez;28/11/2025;28/11/2026;49,131.50;EDIFICIO;1;0-VIVIENDAS;CONCRETO_REF;Prueba 1 (Carga Masiva);591;8;808;80801;0;8080196
1_9;111223-1111;Juan Carlos Perez Gomez;28/11/2025;28/11/2026;48,986.75;EDIFICIO;1;0-VIVIENDAS;CONCRETO_REF;Prueba 1 (Carga Masiva);591;8;808;80801;0;8080196
1_9;111223-1111;Juan Carlos Perez Gomez;28/11/2025;28/11/2026;48,842.00;EDIFICIO;1;0-VIVIENDAS;CONCRETO_REF;Prueba 1 (Carga Masiva);591;8;808;80801;0;8080197
1_10;111223-1111;Juan Carlos Perez Gomez;28/11/2025;28/11/2026;48,697.25;EDIFICIO;1;0-VIVIENDAS;CONCRETO_REF;Prueba 1 (Carga Masiva);591;8;808;80801;0;8080197
1_10;111223-1111;Juan Carlos Perez Gomez;28/11/2025;28/11/2026;48,552.50;EDIFICIO;1;0-VIVIENDAS;CONCRETO_REF;Prueba 1 (Carga Masiva);591;8;808;80801;0;8080198
1_10;111223-1111;Juan Carlos Perez Gomez;28/11/2025;28/11/2026;48,407.75;EDIFICIO;1;0-VIVIENDAS;CONCRETO_REF;Prueba 1 (Carga Masiva);591;8;808;80801;0;8080198
1_10;111223-1111;Juan Carlos Perez Gomez;1/12/2025;1/12/2026;48,263.00;EDIFICIO;1;0-VIVIENDAS;CONCRETO_REF;Prueba 1 (Carga Masiva);591;8;808;80801;0;8080200
1_10;111223-1111;Juan Carlos Perez Gomez;1/12/2025;1/12/2026;48,118.25;EDIFICIO;1;0-VIVIENDAS;CONCRETO_REF;Prueba 1 (Carga Masiva);591;8;808;80801;0;8080200
1_10;111223-1111;Juan Carlos Perez Gomez;1/12/2025;1/12/2026;47,973.50;EDIFICIO;1;0-VIVIENDAS;CONCRETO_REF;Prueba 1 (Carga Masiva);591;8;808;80801;0;8080201
1_10;111223-1111;Juan Carlos Perez Gomez;1/12/2025;1/12/2026;47,828.75;EDIFICIO;1;0-VIVIENDAS;CONCRETO_REF;Prueba 1 (Carga Masiva);591;8;808;80801;0;8080201
1_10;111223-1111;Juan Carlos Perez Gomez;1/12/2025;1/12/2026;47,684.00;EDIFICIO;1;0-VIVIENDAS;CONCRETO_REF;Prueba 1 (Carga Masiva);591;8;808;80801;0;8080202
1_10;111223-1111;Juan Carlos Perez Gomez;1/12/2025;1/12/2026;47,539.25;EDIFICIO;1;0-VIVIENDAS;CONCRETO_REF;Prueba 1 (Carga Masiva);591;8;808;80801;0;8080202
1_10;111223-1111;Juan Carlos Perez Gomez;1/12/2025;1/12/2026;47,394.50;EDIFICIO;1;0-VIVIENDAS;CONCRETO_REF;Prueba 1 (Carga Masiva);591;8;808;80801;0;8080203
1_10;111223-1111;Juan Carlos Perez Gomez;1/12/2025;1/12/2026;47,249.75;EDIFICIO;1;0-VIVIENDAS;CONCRETO_REF;Prueba 1 (Carga Masiva);591;8;808;80801;0;8080203
1_10;111223-1111;Juan Carlos Perez Gomez;1/12/2025;1/12/2026;47,105.00;EDIFICIO;1;0-VIVIENDAS;CONCRETO_REF;Prueba 1 (Carga Masiva);591;8;808;80801;0;8080204
1_10;111223-1111;Juan Carlos Perez Gomez;1/12/2025;1/12/2026;46,960.25;EDIFICIO;1;0-VIVIENDAS;CONCRETO_REF;Prueba 1 (Carga Masiva);591;8;808;80801;0;8080204
1_17;111223-1111;Juan Carlos Perez Gomez;1/12/2025;1/12/2026;46,815.50;EDIFICIO;1;0-VIVIENDAS;CONCRETO_REF;Prueba 1 (Carga Masiva);591;8;808;80801;0;8080205
1_17;111223-1111;Juan Carlos Perez Gomez;1/12/2025;1/12/2026;46,670.75;EDIFICIO;1;0-VIVIENDAS;CONCRETO_REF;Prueba 1 (Carga Masiva);591;8;808;80801;0;8080205
1_17;111223-1111;Juan Carlos Perez Gomez;1/12/2025;1/12/2026;46,526.00;EDIFICIO;1;0-VIVIENDAS;CONCRETO_REF;Prueba 1 (Carga Masiva);591;8;808;80801;0;8080206
1_17;111223-1111;Juan Carlos Perez Gomez;1/12/2025;1/12/2026;46,381.25;EDIFICIO;1;0-VIVIENDAS;CONCRETO_REF;Prueba 1 (Carga Masiva);591;8;808;80801;0;8080206
1_17;111223-1111;Juan Carlos Perez Gomez;1/12/2025;1/12/2026;46,236.50;EDIFICIO;1;0-VIVIENDAS;CONCRETO_REF;Prueba 1 (Carga Masiva);591;8;808;80801;0;8080207
1_17;111223-1111;Juan Carlos Perez Gomez;1/12/2025;1/12/2026;46,091.75;EDIFICIO;1;0-VIVIENDAS;CONCRETO_REF;Prueba 1 (Carga Masiva);591;8;808;80801;0;8080207
1_17;111223-1112;Juan Carlos Perez Gomez;1/12/2025;1/12/2026;50,000.00;EDIFICIO;1;0-VIVIENDAS;CONCRETO_REF;Prueba 1 (Carga Masiva);591;8;808;80801;0;8080208
1_17;04-0004-00380;LUIS JARAMILLO;1/12/2025;1/12/2026;49,855.25;EDIFICIO;1;0-VIVIENDAS;CONCRETO_REF;Prueba 1 (Carga Masiva);591;8;808;80801;0;8080208
1_17;04-0004-00380;LUIS JARAMILLO;1/12/2025;1/12/2026;49,710.50;EDIFICIO;1;0-VIVIENDAS;CONCRETO_REF;Prueba 1 (Carga Masiva);591;8;808;80801;0;8080209
1_17;04-0004-00380;LUIS JARAMILLO;1/12/2025;1/12/2026;49,565.75;EDIFICIO;1;0-VIVIENDAS;CONCRETO_REF;Prueba 1 (Carga Masiva);591;8;808;80801;0;8080209
1_17;04-0004-00380;LUIS JARAMILLO;7/12/2025;7/12/2026;49,421.00;EDIFICIO;1;0-VIVIENDAS;CONCRETO_REF;Prueba 1 (Carga Masiva);591;8;808;80801;0;8080210
1_17;04-0004-00380;LUIS JARAMILLO;7/12/2025;7/12/2026;49,276.25;EDIFICIO;1;0-VIVIENDAS;CONCRETO_REF;Prueba 1 (Carga Masiva);591;8;808;80801;0;8080210
1_17;04-0004-00380;LUIS JARAMILLO;7/12/2025;7/12/2026;49,131.50;EDIFICIO;1;0-VIVIENDAS;CONCRETO_REF;Prueba 1 (Carga Masiva);591;8;808;80801;0;8080213
1_17;04-0004-00380;LUIS JARAMILLO;7/12/2025;7/12/2026;48,986.75;EDIFICIO;1;0-VIVIENDAS;CONCRETO_REF;Prueba 1 (Carga Masiva);591;8;808;80801;0;8080213
1_9;111223-1111;Juan Carlos Perez Gomez;7/12/2025;7/12/2026;50,000.00;EDIFICIO;1;0-VIVIENDAS;CONCRETO_REF;Prueba 1 (Carga Masiva);591;8;808;80801;0;8080214
1_9;111223-1111;Juan Carlos Perez Gomez;7/12/2025;7/12/2026;49,855.25;EDIFICIO;1;0-VIVIENDAS;CONCRETO_REF;Prueba 1 (Carga Masiva);591;8;808;80801;0;8080214
1_9;111223-1111;Juan Carlos Perez Gomez;7/12/2025;7/12/2026;49,710.50;EDIFICIO;1;0-VIVIENDAS;CONCRETO_REF;Prueba 1 (Carga Masiva);591;8;808;80801;0;8080215
1_9;111223-1111;Juan Carlos Perez Gomez;7/12/2025;7/12/2026;49,565.75;EDIFICIO;1;0-VIVIENDAS;CONCRETO_REF;Prueba 1 (Carga Masiva);591;8;808;80801;0;8080215
1_9;111223-1111;Juan Carlos Perez Gomez;7/12/2025;7/12/2026;49,421.00;EDIFICIO;1;0-VIVIENDAS;CONCRETO_REF;Prueba 1 (Carga Masiva);591;8;808;80801;0;8080216
1_9;111223-1111;Juan Carlos Perez Gomez;7/12/2025;7/12/2026;49,276.25;EDIFICIO;1;0-VIVIENDAS;CONCRETO_REF;Prueba 1 (Carga Masiva);591;8;808;80801;0;8080216
1_9;111223-1111;Juan Carlos Perez Gomez;7/12/2025;7/12/2026;49,131.50;EDIFICIO;1;0-VIVIENDAS;CONCRETO_REF;Prueba 1 (Carga Masiva);591;8;808;80801;0;8080217
1_9;111223-1111;Juan Carlos Perez Gomez;7/12/2025;7/12/2026;48,986.75;EDIFICIO;1;0-VIVIENDAS;CONCRETO_REF;Prueba 1 (Carga Masiva);591;8;808;80801;0;8080217
1_9;111223-1111;Juan Carlos Perez Gomez;7/12/2025;7/12/2026;48,842.00;EDIFICIO;1;0-VIVIENDAS;CONCRETO_REF;Prueba 1 (Carga Masiva);591;8;808;80801;0;8080218
1_10;111223-1111;Juan Carlos Perez Gomez;7/12/2025;7/12/2026;48,697.25;EDIFICIO;1;0-VIVIENDAS;CONCRETO_REF;Prueba 1 (Carga Masiva);591;8;808;80801;0;8080218
1_10;111223-1111;Juan Carlos Perez Gomez;7/12/2025;7/12/2026;48,552.50;EDIFICIO;1;0-VIVIENDAS;CONCRETO_REF;Prueba 1 (Carga Masiva);591;8;808;80801;0;8080219
1_10;111223-1111;Juan Carlos Perez Gomez;7/12/2025;7/12/2026;48,407.75;EDIFICIO;1;0-VIVIENDAS;CONCRETO_REF;Prueba 1 (Carga Masiva);591;8;808;80801;0;8080219
1_10;111223-1111;Juan Carlos Perez Gomez;7/12/2025;7/12/2026;48,263.00;EDIFICIO;1;0-VIVIENDAS;CONCRETO_REF;Prueba 1 (Carga Masiva);591;8;808;80801;0;8080220
1_10;111223-1111;Juan Carlos Perez Gomez;7/12/2025;7/12/2026;48,118.25;EDIFICIO;1;0-VIVIENDAS;CONCRETO_REF;Prueba 1 (Carga Masiva);591;8;808;80801;0;8080220
1_10;111223-1111;Juan Carlos Perez Gomez;7/12/2025;7/12/2026;47,973.50;EDIFICIO;1;0-VIVIENDAS;CONCRETO_REF;Prueba 1 (Carga Masiva);591;8;808;80801;0;8080221
1_10;111223-1111;Juan Carlos Perez Gomez;7/12/2025;7/12/2026;47,828.75;EDIFICIO;1;0-VIVIENDAS;CONCRETO_REF;Prueba 1 (Carga Masiva);591;8;808;80801;0;8080221
1_10;111223-1111;Juan Carlos Perez Gomez;14/12/2025;14/12/2026;47,684.00;EDIFICIO;1;0-VIVIENDAS;CONCRETO_REF;Prueba 1 (Carga Masiva);591;8;808;80801;0;8080222
1_10;111223-1111;Juan Carlos Perez Gomez;14/12/2025;14/12/2026;47,539.25;EDIFICIO;1;0-VIVIENDAS;CONCRETO_REF;Prueba 1 (Carga Masiva);591;8;808;80801;0;8080222
1_10;111223-1111;Juan Carlos Perez Gomez;14/12/2025;14/12/2026;47,394.50;EDIFICIO;1;0-VIVIENDAS;CONCRETO_REF;Prueba 1 (Carga Masiva);591;8;808;80801;0;8080223
1_10;111223-1111;Juan Carlos Perez Gomez;14/12/2025;14/12/2026;47,249.75;EDIFICIO;1;0-VIVIENDAS;CONCRETO_REF;Prueba 1 (Carga Masiva);591;8;808;80801;0;8080223
1_10;111223-1111;Juan Carlos Perez Gomez;14/12/2025;14/12/2026;47,105.00;EDIFICIO;1;0-VIVIENDAS;CONCRETO_REF;Prueba 1 (Carga Masiva);591;8;808;80801;0;8080224
1_10;111223-1111;Juan Carlos Perez Gomez;14/12/2025;14/12/2026;46,960.25;EDIFICIO;1;0-VIVIENDAS;CONCRETO_REF;Prueba 1 (Carga Masiva);591;8;808;80801;0;8080224
1_17;111223-1111;Juan Carlos Perez Gomez;14/12/2025;14/12/2026;46,815.50;EDIFICIO;1;0-VIVIENDAS;CONCRETO_REF;Prueba 1 (Carga Masiva);591;8;808;80801;0;8080225
1_17;111223-1111;Juan Carlos Perez Gomez;14/12/2025;14/12/2026;46,670.75;EDIFICIO;1;0-VIVIENDAS;CONCRETO_REF;Prueba 1 (Carga Masiva);591;8;808;80801;0;8080225
1_17;111223-1111;Juan Carlos Perez Gomez;14/12/2025;14/12/2026;46,526.00;EDIFICIO;1;0-VIVIENDAS;CONCRETO_REF;Prueba 1 (Carga Masiva);591;8;808;80801;0;8080226
1_17;111223-1111;Juan Carlos Perez Gomez;14/12/2025;14/12/2026;46,381.25;EDIFICIO;1;0-VIVIENDAS;CONCRETO_REF;Prueba 1 (Carga Masiva);591;8;808;80801;0;8080226
1_17;111223-1111;Juan Carlos Perez Gomez;14/12/2025;14/12/2026;46,236.50;EDIFICIO;1;0-VIVIENDAS;CONCRETO_REF;Prueba 1 (Carga Masiva);591;8;808;80801;0;8080227
1_17;111223-1111;Juan Carlos Perez Gomez;14/12/2025;14/12/2026;46,091.75;EDIFICIO;1;0-VIVIENDAS;CONCRETO_REF;Prueba 1 (Carga Masiva);591;8;808;80801;0;8080227
1_17;111223-1112;Juan Carlos Perez Gomez;14/12/2025;14/12/2026;50,000.00;EDIFICIO;1;0-VIVIENDAS;CONCRETO_REF;Prueba 1 (Carga Masiva);591;8;808;80801;0;8080228
1_17;04-0004-00380;LUIS JARAMILLO;14/12/2025;14/12/2026;49,855.25;EDIFICIO;1;0-VIVIENDAS;CONCRETO_REF;Prueba 1 (Carga Masiva);591;8;808;80801;0;8080228
1_17;04-0004-00380;LUIS JARAMILLO;14/12/2025;14/12/2026;49,710.50;EDIFICIO;1;0-VIVIENDAS;CONCRETO_REF;Prueba 1 (Carga Masiva);591;8;808;80801;0;8080229
1_17;04-0004-00380;LUIS JARAMILLO;14/12/2025;14/12/2026;49,565.75;EDIFICIO;1;0-VIVIENDAS;CONCRETO_REF;Prueba 1 (Carga Masiva);591;8;808;80801;0;8080229
1_17;04-0004-00380;LUIS JARAMILLO;14/12/2025;14/12/2026;49,421.00;EDIFICIO;1;0-VIVIENDAS;CONCRETO_REF;Prueba 1 (Carga Masiva);591;8;808;80801;0;8080230
1_17;04-0004-00380;LUIS JARAMILLO;14/12/2025;14/12/2026;49,276.25;EDIFICIO;1;0-VIVIENDAS;CONCRETO_REF;Prueba 1 (Carga Masiva);591;8;808;80801;0;8080230
1_17;04-0004-00380;LUIS JARAMILLO;14/12/2025;14/12/2026;49,131.50;EDIFICIO;1;0-VIVIENDAS;CONCRETO_REF;Prueba 1 (Carga Masiva);591;8;808;80801;0;8080231
1_17;04-0004-00380;LUIS JARAMILLO;14/12/2025;14/12/2026;48,986.75;EDIFICIO;1;0-VIVIENDAS;CONCRETO_REF;Prueba 1 (Carga Masiva);591;8;808;80801;0;8080231
1_9;111223-1111;Juan Carlos Perez Gomez;21/12/2025;21/12/2026;50,000.00;EDIFICIO;1;0-VIVIENDAS;CONCRETO_REF;Prueba 1 (Carga Masiva);591;8;808;80801;0;8080232
1_9;111223-1111;Juan Carlos Perez Gomez;21/12/2025;21/12/2026;49,855.25;EDIFICIO;1;0-VIVIENDAS;CONCRETO_REF;Prueba 1 (Carga Masiva);591;8;808;80801;0;8080232
1_9;111223-1111;Juan Carlos Perez Gomez;21/12/2025;21/12/2026;49,710.50;EDIFICIO;1;0-VIVIENDAS;CONCRETO_REF;Prueba 1 (Carga Masiva);591;8;808;80801;0;8080233
1_9;111223-1111;Juan Carlos Perez Gomez;21/12/2025;21/12/2026;49,565.75;EDIFICIO;1;0-VIVIENDAS;CONCRETO_REF;Prueba 1 (Carga Masiva);591;8;808;80801;0;8080233
1_9;111223-1111;Juan Carlos Perez Gomez;21/12/2025;21/12/2026;49,421.00;EDIFICIO;1;0-VIVIENDAS;CONCRETO_REF;Prueba 1 (Carga Masiva);591;8;808;80801;0;8080234
1_9;111223-1111;Juan Carlos Perez Gomez;21/12/2025;21/12/2026;49,276.25;EDIFICIO;1;0-VIVIENDAS;CONCRETO_REF;Prueba 1 (Carga Masiva);591;8;808;80801;0;8080234
1_9;111223-1111;Juan Carlos Perez Gomez;21/12/2025;21/12/2026;49,131.50;EDIFICIO;1;0-VIVIENDAS;CONCRETO_REF;Prueba 1 (Carga Masiva);591;8;808;80801;0;8080235
1_9;111223-1111;Juan Carlos Perez Gomez;21/12/2025;21/12/2026;48,986.75;EDIFICIO;1;0-VIVIENDAS;CONCRETO_REF;Prueba 1 (Carga Masiva);591;8;808;80801;0;8080235
1_9;111223-1111;Juan Carlos Perez Gomez;21/12/2025;21/12/2026;48,842.00;EDIFICIO;1;0-VIVIENDAS;CONCRETO_REF;Prueba 1 (Carga Masiva);591;8;808;80801;0;8080236
1_10;111223-1111;Juan Carlos Perez Gomez;21/12/2025;21/12/2026;48,697.25;EDIFICIO;1;0-VIVIENDAS;CONCRETO_REF;Prueba 1 (Carga Masiva);591;8;808;80801;0;8080236
1_10;111223-1111;Juan Carlos Perez Gomez;21/12/2025;21/12/2026;48,552.50;EDIFICIO;1;0-VIVIENDAS;CONCRETO_REF;Prueba 1 (Carga Masiva);591;8;808;80801;0;8080237
1_10;111223-1111;Juan Carlos Perez Gomez;21/12/2025;21/12/2026;48,407.75;EDIFICIO;1;0-VIVIENDAS;CONCRETO_REF;Prueba 1 (Carga Masiva);591;8;808;80801;0;8080237
1_10;111223-1111;Juan Carlos Perez Gomez;21/12/2025;21/12/2026;48,263.00;EDIFICIO;1;0-VIVIENDAS;CONCRETO_REF;Prueba 1 (Carga Masiva);591;8;808;80801;0;8080238
1_10;111223-1111;Juan Carlos Perez Gomez;21/12/2025;21/12/2026;48,118.25;EDIFICIO;1;0-VIVIENDAS;CONCRETO_REF;Prueba 1 (Carga Masiva);591;8;808;80801;0;8080238
1_10;111223-1111;Juan Carlos Perez Gomez;21/12/2025;21/12/2026;47,973.50;EDIFICIO;1;0-VIVIENDAS;CONCRETO_REF;Prueba 1 (Carga Masiva);591;8;808;80801;0;8080239
1_10;111223-1111;Juan Carlos Perez Gomez;21/12/2025;21/12/2026;47,828.75;EDIFICIO;1;0-VIVIENDAS;CONCRETO_REF;Prueba 1 (Carga Masiva);591;8;808;80801;0;8080239
1_10;111223-1111;Juan Carlos Perez Gomez;21/12/2025;21/12/2026;47,684.00;EDIFICIO;1;0-VIVIENDAS;CONCRETO_REF;Prueba 1 (Carga Masiva);591;8;808;80801;0;8080240
1_10;111223-1111;Juan Carlos Perez Gomez;21/12/2025;21/12/2026;47,539.25;EDIFICIO;1;0-VIVIENDAS;CONCRETO_REF;Prueba 1 (Carga Masiva);591;8;808;80801;0;8080240
1_10;111223-1111;Juan Carlos Perez Gomez;21/12/2025;21/12/2026;47,394.50;EDIFICIO;1;0-VIVIENDAS;CONCRETO_REF;Prueba 1 (Carga Masiva);591;8;808;80801;0;8080241
1_10;111223-1111;Juan Carlos Perez Gomez;21/12/2025;21/12/2026;47,249.75;EDIFICIO;1;0-VIVIENDAS;CONCRETO_REF;Prueba 1 (Carga Masiva);591;8;808;80801;0;8080241
1_10;111223-1111;Juan Carlos Perez Gomez;28/12/2025;28/12/2026;47,105.00;EDIFICIO;1;0-VIVIENDAS;CONCRETO_REF;Prueba 1 (Carga Masiva);591;8;808;80801;0;8080242
1_10;111223-1111;Juan Carlos Perez Gomez;28/12/2025;28/12/2026;46,960.25;EDIFICIO;1;0-VIVIENDAS;CONCRETO_REF;Prueba 1 (Carga Masiva);591;8;808;80801;0;8080242
1_17;111223-1111;Juan Carlos Perez Gomez;28/12/2025;28/12/2026;46,815.50;EDIFICIO;1;0-VIVIENDAS;CONCRETO_REF;Prueba 1 (Carga Masiva);591;8;808;80801;0;8080243
1_17;111223-1111;Juan Carlos Perez Gomez;28/12/2025;28/12/2026;46,670.75;EDIFICIO;1;0-VIVIENDAS;CONCRETO_REF;Prueba 1 (Carga Masiva);591;8;808;80801;0;8080243
1_17;111223-1111;Juan Carlos Perez Gomez;28/12/2025;28/12/2026;46,526.00;EDIFICIO;1;0-VIVIENDAS;CONCRETO_REF;Prueba 1 (Carga Masiva);591;8;808;80801;0;8080244
1_17;111223-1111;Juan Carlos Perez Gomez;28/12/2025;28/12/2026;46,381.25;EDIFICIO;1;0-VIVIENDAS;CONCRETO_REF;Prueba 1 (Carga Masiva);591;8;808;80801;0;8080244
1_17;111223-1111;Juan Carlos Perez Gomez;28/12/2025;28/12/2026;46,236.50;EDIFICIO;1;0-VIVIENDAS;CONCRETO_REF;Prueba 1 (Carga Masiva);591;8;808;80801;0;8080245
1_17;111223-1111;Juan Carlos Perez Gomez;28/12/2025;28/12/2026;46,091.75;EDIFICIO;1;0-VIVIENDAS;CONCRETO_REF;Prueba 1 (Carga Masiva);591;8;808;80801;0;8080245
1_17;111223-1112;Juan Carlos Perez Gomez;28/12/2025;28/12/2026;50,000.00;EDIFICIO;1;0-VIVIENDAS;CONCRETO_REF;Prueba 1 (Carga Masiva);591;8;808;80801;0;8080246
1_17;04-0004-00380;LUIS JARAMILLO;28/12/2025;28/12/2026;49,855.25;EDIFICIO;1;0-VIVIENDAS;CONCRETO_REF;Prueba 1 (Carga Masiva);591;8;808;80801;0;8080246
1_17;04-0004-00380;LUIS JARAMILLO;28/12/2025;28/12/2026;49,710.50;EDIFICIO;1;0-VIVIENDAS;CONCRETO_REF;Prueba 1 (Carga Masiva);591;8;808;80801;0;8080247
1_17;04-0004-00380;LUIS JARAMILLO;28/12/2025;28/12/2026;49,565.75;EDIFICIO;1;0-VIVIENDAS;CONCRETO_REF;Prueba 1 (Carga Masiva);591;8;808;80801;0;8080247
1_17;04-0004-00380;LUIS JARAMILLO;28/12/2025;28/12/2026;49,421.00;EDIFICIO;1;0-VIVIENDAS;CONCRETO_REF;Prueba 1 (Carga Masiva);591;8;808;80801;0;8080248
1_17;04-0004-00380;LUIS JARAMILLO;28/12/2025;28/12/2026;49,276.25;EDIFICIO;1;0-VIVIENDAS;CONCRETO_REF;Prueba 1 (Carga Masiva);591;8;808;80801;0;8080248
1_17;04-0004-00380;LUIS JARAMILLO;28/12/2025;28/12/2026;49,131.50;EDIFICIO;1;0-VIVIENDAS;CONCRETO_REF;Prueba 1 (Carga Masiva);591;8;808;80801;0;8080249
1_17;04-0004-00380;LUIS JARAMILLO;28/12/2025;28/12/2026;48,986.75;EDIFICIO;1;0-VIVIENDAS;CONCRETO_REF;Prueba 1 (Carga Masiva);591;8;808;80801;0;8080249
1_9;111223-1111;Juan Carlos Perez Gomez;28/12/2025;28/12/2026;50,000.00;EDIFICIO;1;0-VIVIENDAS;CONCRETO_REF;Prueba 1 (Carga Masiva);591;8;808;80801;0;8080250
1_9;111223-1111;Juan Carlos Perez Gomez;28/12/2025;28/12/2026;49,855.25;EDIFICIO;1;0-VIVIENDAS;CONCRETO_REF;Prueba 1 (Carga Masiva);591;8;808;80801;0;8080250
1_9;111223-1111;Juan Carlos Perez Gomez;28/12/2025;28/12/2026;49,710.50;EDIFICIO;1;0-VIVIENDAS;CONCRETO_REF;Prueba 1 (Carga Masiva);591;8;808;80801;0;8080251
1_9;111223-1111;Juan Carlos Perez Gomez;28/12/2025;28/12/2026;49,565.75;EDIFICIO;1;0-VIVIENDAS;CONCRETO_REF;Prueba 1 (Carga Masiva);591;8;808;80801;0;8080251
1_9;111223-1111;Juan Carlos Perez Gomez;1/1/2026;1/1/2027;49,421.00;EDIFICIO;1;0-VIVIENDAS;CONCRETO_REF;Prueba 1 (Carga Masiva);591;8;808;80801;0;8080252
1_9;111223-1111;Juan Carlos Perez Gomez;1/1/2026;1/1/2027;49,276.25;EDIFICIO;1;0-VIVIENDAS;CONCRETO_REF;Prueba 1 (Carga Masiva);591;8;808;80801;0;8080252
1_9;111223-1111;Juan Carlos Perez Gomez;1/1/2026;1/1/2027;49,131.50;EDIFICIO;1;0-VIVIENDAS;CONCRETO_REF;Prueba 1 (Carga Masiva);591;8;808;80801;0;8080253
1_9;111223-1111;Juan Carlos Perez Gomez;1/1/2026;1/1/2027;48,986.75;EDIFICIO;1;0-VIVIENDAS;CONCRETO_REF;Prueba 1 (Carga Masiva);591;8;808;80801;0;8080253
1_9;111223-1111;Juan Carlos Perez Gomez;1/1/2026;1/1/2027;48,842.00;EDIFICIO;1;0-VIVIENDAS;CONCRETO_REF;Prueba 1 (Carga Masiva);591;8;808;80801;0;8080254
1_10;111223-1111;Juan Carlos Perez Gomez;1/1/2026;1/1/2027;48,697.25;EDIFICIO;1;0-VIVIENDAS;CONCRETO_REF;Prueba 1 (Carga Masiva);591;8;808;80801;0;8080254
1_10;111223-1111;Juan Carlos Perez Gomez;1/1/2026;1/1/2027;48,552.50;EDIFICIO;1;0-VIVIENDAS;CONCRETO_REF;Prueba 1 (Carga Masiva);591;8;808;80801;0;8080255
1_10;111223-1111;Juan Carlos Perez Gomez;1/1/2026;1/1/2027;48,407.75;EDIFICIO;1;0-VIVIENDAS;CONCRETO_REF;Prueba 1 (Carga Masiva);591;8;808;80801;0;8080255
1_10;111223-1111;Juan Carlos Perez Gomez;1/1/2026;1/1/2027;48,263.00;EDIFICIO;1;0-VIVIENDAS;CONCRETO_REF;Prueba 1 (Carga Masiva);591;8;808;80801;0;8080256
1_10;111223-1111;Juan Carlos Perez Gomez;1/1/2026;1/1/2027;48,118.25;EDIFICIO;1;0-VIVIENDAS;CONCRETO_REF;Prueba 1 (Carga Masiva);591;8;808;80801;0;8080256
1_10;111223-1111;Juan Carlos Perez Gomez;1/1/2026;1/1/2027;47,973.50;EDIFICIO;1;0-VIVIENDAS;CONCRETO_REF;Prueba 1 (Carga Masiva);591;8;808;80801;0;8080257
1_10;111223-1111;Juan Carlos Perez Gomez;1/1/2026;1/1/2027;47,828.75;EDIFICIO;1;0-VIVIENDAS;CONCRETO_REF;Prueba 1 (Carga Masiva);591;8;808;80801;0;8080257
1_10;111223-1111;Juan Carlos Perez Gomez;1/1/2026;1/1/2027;47,684.00;EDIFICIO;1;0-VIVIENDAS;CONCRETO_REF;Prueba 1 (Carga Masiva);591;8;808;80801;0;8080258
1_10;111223-1111;Juan Carlos Perez Gomez;1/1/2026;1/1/2027;47,539.25;EDIFICIO;1;0-VIVIENDAS;CONCRETO_REF;Prueba 1 (Carga Masiva);591;8;808;80801;0;8080258
1_10;111223-1111;Juan Carlos Perez Gomez;1/1/2026;1/1/2027;47,394.50;EDIFICIO;1;0-VIVIENDAS;CONCRETO_REF;Prueba 1 (Carga Masiva);591;8;808;80801;0;8080259
1_10;111223-1111;Juan Carlos Perez Gomez;1/1/2026;1/1/2027;47,249.75;EDIFICIO;1;0-VIVIENDAS;CONCRETO_REF;Prueba 1 (Carga Masiva);591;8;808;80801;0;8080259
1_10;111223-1111;Juan Carlos Perez Gomez;1/1/2026;1/1/2027;47,105.00;EDIFICIO;1;0-VIVIENDAS;CONCRETO_REF;Prueba 1 (Carga Masiva);591;8;808;80801;0;8080260
1_10;111223-1111;Juan Carlos Perez Gomez;1/1/2026;1/1/2027;46,960.25;EDIFICIO;1;0-VIVIENDAS;CONCRETO_REF;Prueba 1 (Carga Masiva);591;8;808;80801;0;8080260
1_17;111223-1111;Juan Carlos Perez Gomez;1/1/2026;1/1/2027;46,815.50;EDIFICIO;1;0-VIVIENDAS;CONCRETO_REF;Prueba 1 (Carga Masiva);591;8;808;80801;0;8080261
1_17;111223-1111;Juan Carlos Perez Gomez;1/1/2026;1/1/2027;46,670.75;EDIFICIO;1;0-VIVIENDAS;CONCRETO_REF;Prueba 1 (Carga Masiva);591;8;808;80801;0;8080261
1_17;111223-1111;Juan Carlos Perez Gomez;7/1/2026;7/1/2027;46,526.00;EDIFICIO;1;0-VIVIENDAS;CONCRETO_REF;Prueba 1 (Carga Masiva);591;8;808;80801;0;8080262
1_17;111223-1111;Juan Carlos Perez Gomez;7/1/2026;7/1/2027;46,381.25;EDIFICIO;1;0-VIVIENDAS;CONCRETO_REF;Prueba 1 (Carga Masiva);591;8;808;80801;0;8080262
1_17;111223-1111;Juan Carlos Perez Gomez;7/1/2026;7/1/2027;46,236.50;EDIFICIO;1;0-VIVIENDAS;CONCRETO_REF;Prueba 1 (Carga Masiva);591;8;808;80801;0;8080263
1_17;111223-1111;Juan Carlos Perez Gomez;7/1/2026;7/1/2027;46,091.75;EDIFICIO;1;0-VIVIENDAS;CONCRETO_REF;Prueba 1 (Carga Masiva);591;8;808;80801;0;8080263
1_17;111223-1112;Juan Carlos Perez Gomez;7/1/2026;7/1/2027;50,000.00;EDIFICIO;1;0-VIVIENDAS;CONCRETO_REF;Prueba 1 (Carga Masiva);591;8;808;80801;0;8080264
1_17;04-0004-00380;LUIS JARAMILLO;7/1/2026;7/1/2027;49,855.25;EDIFICIO;1;0-VIVIENDAS;CONCRETO_REF;Prueba 1 (Carga Masiva);591;8;808;80801;0;8080264
1_17;04-0004-00380;LUIS JARAMILLO;7/1/2026;7/1/2027;49,710.50;EDIFICIO;1;0-VIVIENDAS;CONCRETO_REF;Prueba 1 (Carga Masiva);591;8;808;80801;0;8080265
1_17;04-0004-00380;LUIS JARAMILLO;7/1/2026;7/1/2027;49,565.75;EDIFICIO;1;0-VIVIENDAS;CONCRETO_REF;Prueba 1 (Carga Masiva);591;8;808;80801;0;8080265
1_17;04-0004-00380;LUIS JARAMILLO;7/1/2026;7/1/2027;49,421.00;EDIFICIO;1;0-VIVIENDAS;CONCRETO_REF;Prueba 1 (Carga Masiva);591;8;808;80801;0;8080266
1_17;04-0004-00380;LUIS JARAMILLO;7/1/2026;7/1/2027;49,276.25;EDIFICIO;1;0-VIVIENDAS;CONCRETO_REF;Prueba 1 (Carga Masiva);591;8;808;80801;0;8080266
1_17;04-0004-00380;LUIS JARAMILLO;7/1/2026;7/1/2027;49,131.50;EDIFICIO;1;0-VIVIENDAS;CONCRETO_REF;Prueba 1 (Carga Masiva);591;8;808;80801;0;8080267
1_17;04-0004-00380;LUIS JARAMILLO;7/1/2026;7/1/2027;48,986.75;EDIFICIO;1;0-VIVIENDAS;CONCRETO_REF;Prueba 1 (Carga Masiva);591;8;808;80801;0;8080267
1_9;111223-1111;Juan Carlos Perez Gomez;7/1/2026;7/1/2027;50,000.00;EDIFICIO;1;0-VIVIENDAS;CONCRETO_REF;Prueba 1 (Carga Masiva);591;8;808;80801;0;8080268
1_9;111223-1111;Juan Carlos Perez Gomez;7/1/2026;7/1/2027;49,855.25;EDIFICIO;1;0-VIVIENDAS;CONCRETO_REF;Prueba 1 (Carga Masiva);591;8;808;80801;0;8080268
1_9;111223-1111;Juan Carlos Perez Gomez;7/1/2026;7/1/2027;49,710.50;EDIFICIO;1;0-VIVIENDAS;CONCRETO_REF;Prueba 1 (Carga Masiva);591;8;808;80801;0;8080269
1_9;111223-1111;Juan Carlos Perez Gomez;7/1/2026;7/1/2027;49,565.75;EDIFICIO;1;0-VIVIENDAS;CONCRETO_REF;Prueba 1 (Carga Masiva);591;8;808;80801;0;8080269
1_9;111223-1111;Juan Carlos Perez Gomez;7/1/2026;7/1/2027;49,421.00;EDIFICIO;1;0-VIVIENDAS;CONCRETO_REF;Prueba 1 (Carga Masiva);591;8;808;80801;0;8080270
1_9;111223-1111;Juan Carlos Perez Gomez;7/1/2026;7/1/2027;49,276.25;EDIFICIO;1;0-VIVIENDAS;CONCRETO_REF;Prueba 1 (Carga Masiva);591;8;808;80801;0;8080270
1_9;111223-1111;Juan Carlos Perez Gomez;7/1/2026;7/1/2027;49,131.50;EDIFICIO;1;0-VIVIENDAS;CONCRETO_REF;Prueba 1 (Carga Masiva);591;8;808;80801;0;8080271
1_9;111223-1111;Juan Carlos Perez Gomez;7/1/2026;7/1/2027;48,986.75;EDIFICIO;1;0-VIVIENDAS;CONCRETO_REF;Prueba 1 (Carga Masiva);591;8;808;80801;0;8080271
1_9;111223-1111;Juan Carlos Perez Gomez;14/1/2026;14/1/2027;48,842.00;EDIFICIO;1;0-VIVIENDAS;CONCRETO_REF;Prueba 1 (Carga Masiva);591;8;808;80801;0;8080272
1_10;111223-1111;Juan Carlos Perez Gomez;14/1/2026;14/1/2027;48,697.25;EDIFICIO;1;0-VIVIENDAS;CONCRETO_REF;Prueba 1 (Carga Masiva);591;8;808;80801;0;8080272
1_10;111223-1111;Juan Carlos Perez Gomez;14/1/2026;14/1/2027;48,552.50;EDIFICIO;1;0-VIVIENDAS;CONCRETO_REF;Prueba 1 (Carga Masiva);591;8;808;80801;0;8080273
1_10;111223-1111;Juan Carlos Perez Gomez;14/1/2026;14/1/2027;48,407.75;EDIFICIO;1;0-VIVIENDAS;CONCRETO_REF;Prueba 1 (Carga Masiva);591;8;808;80801;0;8080273
1_10;111223-1111;Juan Carlos Perez Gomez;14/1/2026;14/1/2027;48,263.00;EDIFICIO;1;0-VIVIENDAS;CONCRETO_REF;Prueba 1 (Carga Masiva);591;8;808;80801;0;8080274
1_10;111223-1111;Juan Carlos Perez Gomez;14/1/2026;14/1/2027;48,118.25;EDIFICIO;1;0-VIVIENDAS;CONCRETO_REF;Prueba 1 (Carga Masiva);591;8;808;80801;0;8080274
1_10;111223-1111;Juan Carlos Perez Gomez;14/1/2026;14/1/2027;47,973.50;EDIFICIO;1;0-VIVIENDAS;CONCRETO_REF;Prueba 1 (Carga Masiva);591;8;808;80801;0;8080275
1_10;111223-1111;Juan Carlos Perez Gomez;14/1/2026;14/1/2027;47,828.75;EDIFICIO;1;0-VIVIENDAS;CONCRETO_REF;Prueba 1 (Carga Masiva);591;8;808;80801;0;8080275
1_10;111223-1111;Juan Carlos Perez Gomez;14/1/2026;14/1/2027;47,684.00;EDIFICIO;1;0-VIVIENDAS;CONCRETO_REF;Prueba 1 (Carga Masiva);591;8;808;80801;0;8080276
1_10;111223-1111;Juan Carlos Perez Gomez;14/1/2026;14/1/2027;47,539.25;EDIFICIO;1;0-VIVIENDAS;CONCRETO_REF;Prueba 1 (Carga Masiva);591;8;808;80801;0;8080276
1_10;111223-1111;Juan Carlos Perez Gomez;14/1/2026;14/1/2027;47,394.50;EDIFICIO;1;0-VIVIENDAS;CONCRETO_REF;Prueba 1 (Carga Masiva);591;8;808;80801;0;8080277
1_10;111223-1111;Juan Carlos Perez Gomez;14/1/2026;14/1/2027;47,249.75;EDIFICIO;1;0-VIVIENDAS;CONCRETO_REF;Prueba 1 (Carga Masiva);591;8;808;80801;0;8080277
1_10;111223-1111;Juan Carlos Perez Gomez;14/1/2026;14/1/2027;47,105.00;EDIFICIO;1;0-VIVIENDAS;CONCRETO_REF;Prueba 1 (Carga Masiva);591;8;808;80801;0;8080278
1_10;111223-1111;Juan Carlos Perez Gomez;14/1/2026;14/1/2027;46,960.25;EDIFICIO;1;0-VIVIENDAS;CONCRETO_REF;Prueba 1 (Carga Masiva);591;8;808;80801;0;8080278
1_17;111223-1111;Juan Carlos Perez Gomez;14/1/2026;14/1/2027;46,815.50;EDIFICIO;1;0-VIVIENDAS;CONCRETO_REF;Prueba 1 (Carga Masiva);591;8;808;80801;0;8080279
1_17;111223-1111;Juan Carlos Perez Gomez;14/1/2026;14/1/2027;46,670.75;EDIFICIO;1;0-VIVIENDAS;CONCRETO_REF;Prueba 1 (Carga Masiva);591;8;808;80801;0;8080279
1_17;111223-1111;Juan Carlos Perez Gomez;14/1/2026;14/1/2027;46,526.00;EDIFICIO;1;0-VIVIENDAS;CONCRETO_REF;Prueba 1 (Carga Masiva);591;8;808;80801;0;8080280
1_17;111223-1111;Juan Carlos Perez Gomez;14/1/2026;14/1/2027;46,381.25;EDIFICIO;1;0-VIVIENDAS;CONCRETO_REF;Prueba 1 (Carga Masiva);591;8;808;80801;0;8080280
1_17;111223-1111;Juan Carlos Perez Gomez;14/1/2026;14/1/2027;46,236.50;EDIFICIO;1;0-VIVIENDAS;CONCRETO_REF;Prueba 1 (Carga Masiva);591;8;808;80801;0;8080281
1_17;111223-1111;Juan Carlos Perez Gomez;14/1/2026;14/1/2027;46,091.75;EDIFICIO;1;0-VIVIENDAS;CONCRETO_REF;Prueba 1 (Carga Masiva);591;8;808;80801;0;8080281
1_17;111223-1112;Juan Carlos Perez Gomez;21/1/2026;21/1/2027;50,000.00;EDIFICIO;1;0-VIVIENDAS;CONCRETO_REF;Prueba 1 (Carga Masiva);591;8;808;80801;0;8080282
1_17;04-0004-00380;LUIS JARAMILLO;21/1/2026;21/1/2027;49,855.25;EDIFICIO;1;0-VIVIENDAS;CONCRETO_REF;Prueba 1 (Carga Masiva);591;8;808;80801;0;8080282
1_17;04-0004-00380;LUIS JARAMILLO;21/1/2026;21/1/2027;49,710.50;EDIFICIO;1;0-VIVIENDAS;CONCRETO_REF;Prueba 1 (Carga Masiva);591;8;808;80801;0;8080283
1_17;04-0004-00380;LUIS JARAMILLO;21/1/2026;21/1/2027;49,565.75;EDIFICIO;1;0-VIVIENDAS;CONCRETO_REF;Prueba 1 (Carga Masiva);591;8;808;80801;0;8080283
1_17;04-0004-00380;LUIS JARAMILLO;21/1/2026;21/1/2027;49,421.00;EDIFICIO;1;0-VIVIENDAS;CONCRETO_REF;Prueba 1 (Carga Masiva);591;8;808;80801;0;8080284
1_17;04-0004-00380;LUIS JARAMILLO;21/1/2026;21/1/2027;49,276.25;EDIFICIO;1;0-VIVIENDAS;CONCRETO_REF;Prueba 1 (Carga Masiva);591;8;808;80801;0;8080284
1_17;04-0004-00380;LUIS JARAMILLO;21/1/2026;21/1/2027;49,131.50;EDIFICIO;1;0-VIVIENDAS;CONCRETO_REF;Prueba 1 (Carga Masiva);591;8;808;80801;0;8080285
1_17;04-0004-00380;LUIS JARAMILLO;21/1/2026;21/1/2027;48,986.75;EDIFICIO;1;0-VIVIENDAS;CONCRETO_REF;Prueba 1 (Carga Masiva);591;8;808;80801;0;8080285
1_9;111223-1111;Juan Carlos Perez Gomez;21/1/2026;21/1/2027;50,000.00;EDIFICIO;1;0-VIVIENDAS;CONCRETO_REF;Prueba 1 (Carga Masiva);591;8;808;80801;0;8080286
1_9;111223-1111;Juan Carlos Perez Gomez;21/1/2026;21/1/2027;49,855.25;EDIFICIO;1;0-VIVIENDAS;CONCRETO_REF;Prueba 1 (Carga Masiva);591;8;808;80801;0;8080286
1_9;111223-1111;Juan Carlos Perez Gomez;21/1/2026;21/1/2027;49,710.50;EDIFICIO;1;0-VIVIENDAS;CONCRETO_REF;Prueba 1 (Carga Masiva);591;8;808;80801;0;8080287
1_9;111223-1111;Juan Carlos Perez Gomez;21/1/2026;21/1/2027;49,565.75;EDIFICIO;1;0-VIVIENDAS;CONCRETO_REF;Prueba 1 (Carga Masiva);591;8;808;80801;0;8080287
1_9;111223-1111;Juan Carlos Perez Gomez;21/1/2026;21/1/2027;49,421.00;EDIFICIO;1;0-VIVIENDAS;CONCRETO_REF;Prueba 1 (Carga Masiva);591;8;808;80801;0;8080288
1_9;111223-1111;Juan Carlos Perez Gomez;21/1/2026;21/1/2027;49,276.25;EDIFICIO;1;0-VIVIENDAS;CONCRETO_REF;Prueba 1 (Carga Masiva);591;8;808;80801;0;8080288
1_9;111223-1111;Juan Carlos Perez Gomez;21/1/2026;21/1/2027;49,131.50;EDIFICIO;1;0-VIVIENDAS;CONCRETO_REF;Prueba 1 (Carga Masiva);591;8;808;80801;0;8080289
1_9;111223-1111;Juan Carlos Perez Gomez;21/1/2026;21/1/2027;48,986.75;EDIFICIO;1;0-VIVIENDAS;CONCRETO_REF;Prueba 1 (Carga Masiva);591;8;808;80801;0;8080289
1_9;111223-1111;Juan Carlos Perez Gomez;21/1/2026;21/1/2027;48,842.00;EDIFICIO;1;0-VIVIENDAS;CONCRETO_REF;Prueba 1 (Carga Masiva);591;8;808;80801;0;8080290
1_10;111223-1111;Juan Carlos Perez Gomez;21/1/2026;21/1/2027;48,697.25;EDIFICIO;1;0-VIVIENDAS;CONCRETO_REF;Prueba 1 (Carga Masiva);591;8;808;80801;0;8080290
1_10;111223-1111;Juan Carlos Perez Gomez;21/1/2026;21/1/2027;48,552.50;EDIFICIO;1;0-VIVIENDAS;CONCRETO_REF;Prueba 1 (Carga Masiva);591;8;808;80801;0;8080291
1_10;111223-1111;Juan Carlos Perez Gomez;21/1/2026;21/1/2027;48,407.75;EDIFICIO;1;0-VIVIENDAS;CONCRETO_REF;Prueba 1 (Carga Masiva);591;8;808;80801;0;8080291
1_10;111223-1111;Juan Carlos Perez Gomez;28/1/2026;28/1/2027;48,263.00;EDIFICIO;1;0-VIVIENDAS;CONCRETO_REF;Prueba 1 (Carga Masiva);591;8;808;80801;0;8080292
1_10;111223-1111;Juan Carlos Perez Gomez;28/1/2026;28/1/2027;48,118.25;EDIFICIO;1;0-VIVIENDAS;CONCRETO_REF;Prueba 1 (Carga Masiva);591;8;808;80801;0;8080292
1_10;111223-1111;Juan Carlos Perez Gomez;28/1/2026;28/1/2027;47,973.50;EDIFICIO;1;0-VIVIENDAS;CONCRETO_REF;Prueba 1 (Carga Masiva);591;8;808;80801;0;8080293
1_10;111223-1111;Juan Carlos Perez Gomez;28/1/2026;28/1/2027;47,828.75;EDIFICIO;1;0-VIVIENDAS;CONCRETO_REF;Prueba 1 (Carga Masiva);591;8;808;80801;0;8080293
1_10;111223-1111;Juan Carlos Perez Gomez;28/1/2026;28/1/2027;47,684.00;EDIFICIO;1;0-VIVIENDAS;CONCRETO_REF;Prueba 1 (Carga Masiva);591;8;808;80801;0;8080294
1_10;111223-1111;Juan Carlos Perez Gomez;28/1/2026;28/1/2027;47,539.25;EDIFICIO;1;0-VIVIENDAS;CONCRETO_REF;Prueba 1 (Carga Masiva);591;8;808;80801;0;8080294
1_10;111223-1111;Juan Carlos Perez Gomez;28/1/2026;28/1/2027;47,394.50;EDIFICIO;1;0-VIVIENDAS;CONCRETO_REF;Prueba 1 (Carga Masiva);591;8;808;80801;0;8080295
1_10;111223-1111;Juan Carlos Perez Gomez;28/1/2026;28/1/2027;47,249.75;EDIFICIO;1;0-VIVIENDAS;CONCRETO_REF;Prueba 1 (Carga Masiva);591;8;808;80801;0;8080295
1_10;111223-1111;Juan Carlos Perez Gomez;28/1/2026;28/1/2027;47,105.00;EDIFICIO;1;0-VIVIENDAS;CONCRETO_REF;Prueba 1 (Carga Masiva);591;8;808;80801;0;8080296
1_10;111223-1111;Juan Carlos Perez Gomez;28/1/2026;28/1/2027;46,960.25;EDIFICIO;1;0-VIVIENDAS;CONCRETO_REF;Prueba 1 (Carga Masiva);591;8;808;80801;0;8080296
1_17;111223-1111;Juan Carlos Perez Gomez;28/1/2026;28/1/2027;46,815.50;EDIFICIO;1;0-VIVIENDAS;CONCRETO_REF;Prueba 1 (Carga Masiva);591;8;808;80801;0;8080297
1_17;111223-1111;Juan Carlos Perez Gomez;28/1/2026;28/1/2027;46,670.75;EDIFICIO;1;0-VIVIENDAS;CONCRETO_REF;Prueba 1 (Carga Masiva);591;8;808;80801;0;8080297
1_17;111223-1111;Juan Carlos Perez Gomez;28/1/2026;28/1/2027;46,526.00;EDIFICIO;1;0-VIVIENDAS;CONCRETO_REF;Prueba 1 (Carga Masiva);591;8;808;80801;0;8080298
1_17;111223-1111;Juan Carlos Perez Gomez;28/1/2026;28/1/2027;46,381.25;EDIFICIO;1;0-VIVIENDAS;CONCRETO_REF;Prueba 1 (Carga Masiva);591;8;808;80801;0;8080298
1_17;111223-1111;Juan Carlos Perez Gomez;28/1/2026;28/1/2027;46,236.50;EDIFICIO;1;0-VIVIENDAS;CONCRETO_REF;Prueba 1 (Carga Masiva);591;8;808;80802;0;8080238
1_17;111223-1111;Juan Carlos Perez Gomez;28/1/2026;28/1/2027;46,091.75;EDIFICIO;1;0-VIVIENDAS;CONCRETO_REF;Prueba 1 (Carga Masiva);591;8;808;80802;0;8080238
1_17;111223-1112;Juan Carlos Perez Gomez;28/1/2026;28/1/2027;50,000.00;EDIFICIO;1;0-VIVIENDAS;CONCRETO_REF;Prueba 1 (Carga Masiva);591;8;808;80802;0;8080239
1_17;04-0004-00380;LUIS JARAMILLO;28/1/2026;28/1/2027;49,855.25;EDIFICIO;1;0-VIVIENDAS;CONCRETO_REF;Prueba 1 (Carga Masiva);591;8;808;80802;0;8080239
1_17;04-0004-00380;LUIS JARAMILLO;28/1/2026;28/1/2027;49,710.50;EDIFICIO;1;0-VIVIENDAS;CONCRETO_REF;Prueba 1 (Carga Masiva);591;8;808;80802;0;8080240
1_17;04-0004-00380;LUIS JARAMILLO;28/1/2026;28/1/2027;49,565.75;EDIFICIO;1;0-VIVIENDAS;CONCRETO_REF;Prueba 1 (Carga Masiva);591;8;808;80802;0;8080240
1_17;04-0004-00380;LUIS JARAMILLO;1/2/2026;1/2/2027;49,421.00;EDIFICIO;1;0-VIVIENDAS;CONCRETO_REF;Prueba 1 (Carga Masiva);591;8;808;80802;0;8080241
1_17;04-0004-00380;LUIS JARAMILLO;1/2/2026;1/2/2027;49,276.25;EDIFICIO;1;0-VIVIENDAS;CONCRETO_REF;Prueba 1 (Carga Masiva);591;8;808;80802;0;8080241
1_17;04-0004-00380;LUIS JARAMILLO;1/2/2026;1/2/2027;49,131.50;EDIFICIO;1;0-VIVIENDAS;CONCRETO_REF;Prueba 1 (Carga Masiva);591;8;808;80802;0;8080242
1_17;04-0004-00380;LUIS JARAMILLO;1/2/2026;1/2/2027;48,986.75;EDIFICIO;1;0-VIVIENDAS;CONCRETO_REF;Prueba 1 (Carga Masiva);591;8;808;80802;0;8080242
1_9;111223-1111;Juan Carlos Perez Gomez;1/2/2026;1/2/2027;50,000.00;EDIFICIO;1;0-VIVIENDAS;CONCRETO_REF;Prueba 1 (Carga Masiva);591;8;808;80802;0;8080243
1_9;111223-1111;Juan Carlos Perez Gomez;1/2/2026;1/2/2027;49,855.25;EDIFICIO;1;0-VIVIENDAS;CONCRETO_REF;Prueba 1 (Carga Masiva);591;8;808;80802;0;8080243
1_9;111223-1111;Juan Carlos Perez Gomez;1/2/2026;1/2/2027;49,710.50;EDIFICIO;1;0-VIVIENDAS;CONCRETO_REF;Prueba 1 (Carga Masiva);591;8;808;80802;0;8080244
1_9;111223-1111;Juan Carlos Perez Gomez;1/2/2026;1/2/2027;49,565.75;EDIFICIO;1;0-VIVIENDAS;CONCRETO_REF;Prueba 1 (Carga Masiva);591;8;808;80802;0;8080244
1_9;111223-1111;Juan Carlos Perez Gomez;1/2/2026;1/2/2027;49,421.00;EDIFICIO;1;0-VIVIENDAS;CONCRETO_REF;Prueba 1 (Carga Masiva);591;8;808;80802;0;8080245
1_9;111223-1111;Juan Carlos Perez Gomez;1/2/2026;1/2/2027;49,276.25;EDIFICIO;1;0-VIVIENDAS;CONCRETO_REF;Prueba 1 (Carga Masiva);591;8;808;80802;0;8080245
1_9;111223-1111;Juan Carlos Perez Gomez;1/2/2026;1/2/2027;49,131.50;EDIFICIO;1;0-VIVIENDAS;CONCRETO_REF;Prueba 1 (Carga Masiva);591;8;808;80802;0;8080246
1_9;111223-1111;Juan Carlos Perez Gomez;1/2/2026;1/2/2027;48,986.75;EDIFICIO;1;0-VIVIENDAS;CONCRETO_REF;Prueba 1 (Carga Masiva);591;8;808;80802;0;8080246
1_9;111223-1111;Juan Carlos Perez Gomez;1/2/2026;1/2/2027;48,842.00;EDIFICIO;1;0-VIVIENDAS;CONCRETO_REF;Prueba 1 (Carga Masiva);591;8;808;80802;0;8080247
1_10;111223-1111;Juan Carlos Perez Gomez;1/2/2026;1/2/2027;48,697.25;EDIFICIO;1;0-VIVIENDAS;CONCRETO_REF;Prueba 1 (Carga Masiva);591;8;808;80802;0;8080247
1_10;111223-1111;Juan Carlos Perez Gomez;1/2/2026;1/2/2027;48,552.50;EDIFICIO;1;0-VIVIENDAS;CONCRETO_REF;Prueba 1 (Carga Masiva);591;8;808;80802;0;8080248
1_10;111223-1111;Juan Carlos Perez Gomez;1/2/2026;1/2/2027;48,407.75;EDIFICIO;1;0-VIVIENDAS;CONCRETO_REF;Prueba 1 (Carga Masiva);591;8;808;80802;0;8080248
1_10;111223-1111;Juan Carlos Perez Gomez;1/2/2026;1/2/2027;48,263.00;EDIFICIO;1;0-VIVIENDAS;CONCRETO_REF;Prueba 1 (Carga Masiva);591;8;808;80802;0;8080249
1_10;111223-1111;Juan Carlos Perez Gomez;1/2/2026;1/2/2027;48,118.25;EDIFICIO;1;0-VIVIENDAS;CONCRETO_REF;Prueba 1 (Carga Masiva);591;8;808;80802;0;8080249
1_10;111223-1111;Juan Carlos Perez Gomez;1/2/2026;1/2/2027;47,973.50;EDIFICIO;1;0-VIVIENDAS;CONCRETO_REF;Prueba 1 (Carga Masiva);591;8;808;80802;0;8080250
1_10;111223-1111;Juan Carlos Perez Gomez;1/2/2026;1/2/2027;47,828.75;EDIFICIO;1;0-VIVIENDAS;CONCRETO_REF;Prueba 1 (Carga Masiva);591;8;808;80802;0;8080250
1_10;111223-1111;Juan Carlos Perez Gomez;7/2/2026;7/2/2027;47,684.00;EDIFICIO;1;0-VIVIENDAS;CONCRETO_REF;Prueba 1 (Carga Masiva);591;8;808;80802;0;8080251
1_10;111223-1111;Juan Carlos Perez Gomez;7/2/2026;7/2/2027;47,539.25;EDIFICIO;1;0-VIVIENDAS;CONCRETO_REF;Prueba 1 (Carga Masiva);591;8;808;80802;0;8080251
1_10;111223-1111;Juan Carlos Perez Gomez;7/2/2026;7/2/2027;47,394.50;EDIFICIO;1;0-VIVIENDAS;CONCRETO_REF;Prueba 1 (Carga Masiva);591;8;808;80802;0;8080252
1_10;111223-1111;Juan Carlos Perez Gomez;7/2/2026;7/2/2027;47,249.75;EDIFICIO;1;0-VIVIENDAS;CONCRETO_REF;Prueba 1 (Carga Masiva);591;8;808;80802;0;8080252
1_10;111223-1111;Juan Carlos Perez Gomez;7/2/2026;7/2/2027;47,105.00;EDIFICIO;1;0-VIVIENDAS;CONCRETO_REF;Prueba 1 (Carga Masiva);591;8;808;80802;0;8080253
1_10;111223-1111;Juan Carlos Perez Gomez;7/2/2026;7/2/2027;46,960.25;EDIFICIO;1;0-VIVIENDAS;CONCRETO_REF;Prueba 1 (Carga Masiva);591;8;808;80802;0;8080253
1_17;111223-1111;Juan Carlos Perez Gomez;7/2/2026;7/2/2027;46,815.50;EDIFICIO;1;0-VIVIENDAS;CONCRETO_REF;Prueba 1 (Carga Masiva);591;8;808;80802;0;8080254
1_17;111223-1111;Juan Carlos Perez Gomez;7/2/2026;7/2/2027;46,670.75;EDIFICIO;1;0-VIVIENDAS;CONCRETO_REF;Prueba 1 (Carga Masiva);591;8;808;80802;0;8080254
1_17;111223-1111;Juan Carlos Perez Gomez;7/2/2026;7/2/2027;46,526.00;EDIFICIO;1;0-VIVIENDAS;CONCRETO_REF;Prueba 1 (Carga Masiva);591;8;808;80802;0;8080255
1_17;111223-1111;Juan Carlos Perez Gomez;7/2/2026;7/2/2027;46,381.25;EDIFICIO;1;0-VIVIENDAS;CONCRETO_REF;Prueba 1 (Carga Masiva);591;8;808;80802;0;8080255
1_17;111223-1111;Juan Carlos Perez Gomez;7/2/2026;7/2/2027;46,236.50;EDIFICIO;1;0-VIVIENDAS;CONCRETO_REF;Prueba 1 (Carga Masiva);591;8;808;80802;0;8080256
1_17;111223-1111;Juan Carlos Perez Gomez;7/2/2026;7/2/2027;46,091.75;EDIFICIO;1;0-VIVIENDAS;CONCRETO_REF;Prueba 1 (Carga Masiva);591;8;808;80802;0;8080256
1_17;111223-1112;Juan Carlos Perez Gomez;7/2/2026;7/2/2027;50,000.00;EDIFICIO;1;0-VIVIENDAS;CONCRETO_REF;Prueba 1 (Carga Masiva);591;8;808;80802;0;8080257
1_17;04-0004-00380;LUIS JARAMILLO;7/2/2026;7/2/2027;49,855.25;EDIFICIO;1;0-VIVIENDAS;CONCRETO_REF;Prueba 1 (Carga Masiva);591;8;808;80802;0;8080257
1_17;04-0004-00380;LUIS JARAMILLO;7/2/2026;7/2/2027;49,710.50;EDIFICIO;1;0-VIVIENDAS;CONCRETO_REF;Prueba 1 (Carga Masiva);591;8;808;80802;0;8080258
1_17;04-0004-00380;LUIS JARAMILLO;7/2/2026;7/2/2027;49,565.75;EDIFICIO;1;0-VIVIENDAS;CONCRETO_REF;Prueba 1 (Carga Masiva);591;8;808;80802;0;8080258
1_17;04-0004-00380;LUIS JARAMILLO;7/2/2026;7/2/2027;49,421.00;EDIFICIO;1;0-VIVIENDAS;CONCRETO_REF;Prueba 1 (Carga Masiva);591;8;808;80802;0;8080259
1_17;04-0004-00380;LUIS JARAMILLO;7/2/2026;7/2/2027;49,276.25;EDIFICIO;1;0-VIVIENDAS;CONCRETO_REF;Prueba 1 (Carga Masiva);591;8;808;80802;0;8080259
1_17;04-0004-00380;LUIS JARAMILLO;7/2/2026;7/2/2027;49,131.50;EDIFICIO;1;0-VIVIENDAS;CONCRETO_REF;Prueba 1 (Carga Masiva);591;8;808;80802;0;8080260
1_17;04-0004-00380;LUIS JARAMILLO;7/2/2026;7/2/2027;48,986.75;EDIFICIO;1;0-VIVIENDAS;CONCRETO_REF;Prueba 1 (Carga Masiva);591;8;808;80802;0;8080260
1_9;111223-1111;Juan Carlos Perez Gomez;14/2/2026;14/2/2027;50,000.00;EDIFICIO;1;0-VIVIENDAS;CONCRETO_REF;Prueba 1 (Carga Masiva);591;8;808;80802;0;8080261
1_9;111223-1111;Juan Carlos Perez Gomez;14/2/2026;14/2/2027;49,855.25;EDIFICIO;1;0-VIVIENDAS;CONCRETO_REF;Prueba 1 (Carga Masiva);591;8;808;80802;0;8080261
1_9;111223-1111;Juan Carlos Perez Gomez;14/2/2026;14/2/2027;49,710.50;EDIFICIO;1;0-VIVIENDAS;CONCRETO_REF;Prueba 1 (Carga Masiva);591;8;808;80802;0;8080262
1_9;111223-1111;Juan Carlos Perez Gomez;14/2/2026;14/2/2027;49,565.75;EDIFICIO;1;0-VIVIENDAS;CONCRETO_REF;Prueba 1 (Carga Masiva);591;8;808;80802;0;8080262
1_9;111223-1111;Juan Carlos Perez Gomez;14/2/2026;14/2/2027;49,421.00;EDIFICIO;1;0-VIVIENDAS;CONCRETO_REF;Prueba 1 (Carga Masiva);591;8;808;80802;0;8080263
1_9;111223-1111;Juan Carlos Perez Gomez;14/2/2026;14/2/2027;49,276.25;EDIFICIO;1;0-VIVIENDAS;CONCRETO_REF;Prueba 1 (Carga Masiva);591;8;808;80802;0;8080263
1_9;111223-1111;Juan Carlos Perez Gomez;14/2/2026;14/2/2027;49,131.50;EDIFICIO;1;0-VIVIENDAS;CONCRETO_REF;Prueba 1 (Carga Masiva);591;8;808;80802;0;8080264
1_9;111223-1111;Juan Carlos Perez Gomez;14/2/2026;14/2/2027;48,986.75;EDIFICIO;1;0-VIVIENDAS;CONCRETO_REF;Prueba 1 (Carga Masiva);591;8;808;80802;0;8080264
1_9;111223-1111;Juan Carlos Perez Gomez;14/2/2026;14/2/2027;48,842.00;EDIFICIO;1;0-VIVIENDAS;CONCRETO_REF;Prueba 1 (Carga Masiva);591;8;808;80802;0;8080265
1_10;111223-1111;Juan Carlos Perez Gomez;14/2/2026;14/2/2027;48,697.25;EDIFICIO;1;0-VIVIENDAS;CONCRETO_REF;Prueba 1 (Carga Masiva);591;8;808;80802;0;8080265
1_10;111223-1111;Juan Carlos Perez Gomez;14/2/2026;14/2/2027;48,552.50;EDIFICIO;1;0-VIVIENDAS;CONCRETO_REF;Prueba 1 (Carga Masiva);591;8;808;80802;0;8080266
1_10;111223-1111;Juan Carlos Perez Gomez;14/2/2026;14/2/2027;48,407.75;EDIFICIO;1;0-VIVIENDAS;CONCRETO_REF;Prueba 1 (Carga Masiva);591;8;808;80802;0;8080266
1_10;111223-1111;Juan Carlos Perez Gomez;14/2/2026;14/2/2027;48,263.00;EDIFICIO;1;0-VIVIENDAS;CONCRETO_REF;Prueba 1 (Carga Masiva);591;8;808;80802;0;8080267
1_10;111223-1111;Juan Carlos Perez Gomez;14/2/2026;14/2/2027;48,118.25;EDIFICIO;1;0-VIVIENDAS;CONCRETO_REF;Prueba 1 (Carga Masiva);591;8;808;80802;0;8080267
1_10;111223-1111;Juan Carlos Perez Gomez;14/2/2026;14/2/2027;47,973.50;EDIFICIO;1;0-VIVIENDAS;CONCRETO_REF;Prueba 1 (Carga Masiva);591;8;808;80802;0;8080268
1_10;111223-1111;Juan Carlos Perez Gomez;14/2/2026;14/2/2027;47,828.75;EDIFICIO;1;0-VIVIENDAS;CONCRETO_REF;Prueba 1 (Carga Masiva);591;8;808;80802;0;8080268
1_10;111223-1111;Juan Carlos Perez Gomez;14/2/2026;14/2/2027;47,684.00;EDIFICIO;1;0-VIVIENDAS;CONCRETO_REF;Prueba 1 (Carga Masiva);591;8;808;80802;0;8080269
1_10;111223-1111;Juan Carlos Perez Gomez;14/2/2026;14/2/2027;47,539.25;EDIFICIO;1;0-VIVIENDAS;CONCRETO_REF;Prueba 1 (Carga Masiva);591;8;808;80802;0;8080269
1_10;111223-1111;Juan Carlos Perez Gomez;14/2/2026;14/2/2027;47,394.50;EDIFICIO;1;0-VIVIENDAS;CONCRETO_REF;Prueba 1 (Carga Masiva);591;8;808;80802;0;8080270
1_10;111223-1111;Juan Carlos Perez Gomez;14/2/2026;14/2/2027;47,249.75;EDIFICIO;1;0-VIVIENDAS;CONCRETO_REF;Prueba 1 (Carga Masiva);591;8;808;80802;0;8080270
1_10;111223-1111;Juan Carlos Perez Gomez;21/2/2026;21/2/2027;47,105.00;EDIFICIO;1;0-VIVIENDAS;CONCRETO_REF;Prueba 1 (Carga Masiva);591;8;808;80802;0;8080271
1_10;111223-1111;Juan Carlos Perez Gomez;21/2/2026;21/2/2027;46,960.25;EDIFICIO;1;0-VIVIENDAS;CONCRETO_REF;Prueba 1 (Carga Masiva);591;8;808;80802;0;8080271
1_17;111223-1111;Juan Carlos Perez Gomez;21/2/2026;21/2/2027;46,815.50;EDIFICIO;1;0-VIVIENDAS;CONCRETO_REF;Prueba 1 (Carga Masiva);591;8;808;80802;0;8080272
1_17;111223-1111;Juan Carlos Perez Gomez;21/2/2026;21/2/2027;46,670.75;EDIFICIO;1;0-VIVIENDAS;CONCRETO_REF;Prueba 1 (Carga Masiva);591;8;808;80802;0;8080272
1_17;111223-1111;Juan Carlos Perez Gomez;21/2/2026;21/2/2027;46,526.00;EDIFICIO;1;0-VIVIENDAS;CONCRETO_REF;Prueba 1 (Carga Masiva);591;8;808;80802;0;8080273
1_17;111223-1111;Juan Carlos Perez Gomez;21/2/2026;21/2/2027;46,381.25;EDIFICIO;1;0-VIVIENDAS;CONCRETO_REF;Prueba 1 (Carga Masiva);591;8;808;80802;0;8080273
1_17;111223-1111;Juan Carlos Perez Gomez;21/2/2026;21/2/2027;46,236.50;EDIFICIO;1;0-VIVIENDAS;CONCRETO_REF;Prueba 1 (Carga Masiva);591;8;808;80802;0;8080274
1_17;111223-1111;Juan Carlos Perez Gomez;21/2/2026;21/2/2027;46,091.75;EDIFICIO;1;0-VIVIENDAS;CONCRETO_REF;Prueba 1 (Carga Masiva);591;8;808;80802;0;8080274
1_17;111223-1112;Juan Carlos Perez Gomez;21/2/2026;21/2/2027;50,000.00;EDIFICIO;1;0-VIVIENDAS;CONCRETO_REF;Prueba 1 (Carga Masiva);591;8;808;80802;0;8080275
1_17;04-0004-00380;LUIS JARAMILLO;21/2/2026;21/2/2027;49,855.25;EDIFICIO;1;0-VIVIENDAS;CONCRETO_REF;Prueba 1 (Carga Masiva);591;8;808;80802;0;8080275
1_17;04-0004-00380;LUIS JARAMILLO;21/2/2026;21/2/2027;49,710.50;EDIFICIO;1;0-VIVIENDAS;CONCRETO_REF;Prueba 1 (Carga Masiva);591;8;808;80802;0;8080276
1_17;04-0004-00380;LUIS JARAMILLO;21/2/2026;21/2/2027;49,565.75;EDIFICIO;1;0-VIVIENDAS;CONCRETO_REF;Prueba 1 (Carga Masiva);591;8;808;80802;0;8080276
1_17;04-0004-00380;LUIS JARAMILLO;21/2/2026;21/2/2027;49,421.00;EDIFICIO;1;0-VIVIENDAS;CONCRETO_REF;Prueba 1 (Carga Masiva);591;8;808;80802;0;8080277
1_17;04-0004-00380;LUIS JARAMILLO;21/2/2026;21/2/2027;49,276.25;EDIFICIO;1;0-VIVIENDAS;CONCRETO_REF;Prueba 1 (Carga Masiva);591;8;808;80802;0;8080277
1_17;04-0004-00380;LUIS JARAMILLO;21/2/2026;21/2/2027;49,131.50;EDIFICIO;1;0-VIVIENDAS;CONCRETO_REF;Prueba 1 (Carga Masiva);591;8;808;80802;0;8080278
1_17;04-0004-00380;LUIS JARAMILLO;21/2/2026;21/2/2027;48,986.75;EDIFICIO;1;0-VIVIENDAS;CONCRETO_REF;Prueba 1 (Carga Masiva);591;8;808;80802;0;8080278
1_9;111223-1111;Juan Carlos Perez Gomez;21/2/2026;21/2/2027;50,000.00;EDIFICIO;1;0-VIVIENDAS;CONCRETO_REF;Prueba 1 (Carga Masiva);591;8;808;80802;0;8080279
1_9;111223-1111;Juan Carlos Perez Gomez;21/2/2026;21/2/2027;49,855.25;EDIFICIO;1;0-VIVIENDAS;CONCRETO_REF;Prueba 1 (Carga Masiva);591;8;808;80802;0;8080279
1_9;111223-1111;Juan Carlos Perez Gomez;21/2/2026;21/2/2027;49,710.50;EDIFICIO;1;0-VIVIENDAS;CONCRETO_REF;Prueba 1 (Carga Masiva);591;8;808;80802;0;8080280
1_9;111223-1111;Juan Carlos Perez Gomez;21/2/2026;21/2/2027;49,565.75;EDIFICIO;1;0-VIVIENDAS;CONCRETO_REF;Prueba 1 (Carga Masiva);591;8;808;80802;0;8080280
1_9;111223-1111;Juan Carlos Perez Gomez;28/2/2026;28/2/2027;49,421.00;EDIFICIO;1;0-VIVIENDAS;CONCRETO_REF;Prueba 1 (Carga Masiva);591;8;808;80802;0;8080281
1_9;111223-1111;Juan Carlos Perez Gomez;28/2/2026;28/2/2027;49,276.25;EDIFICIO;1;0-VIVIENDAS;CONCRETO_REF;Prueba 1 (Carga Masiva);591;8;808;80802;0;8080281
1_9;111223-1111;Juan Carlos Perez Gomez;28/2/2026;28/2/2027;49,131.50;EDIFICIO;1;0-VIVIENDAS;CONCRETO_REF;Prueba 1 (Carga Masiva);591;8;808;80802;0;8080282
1_9;111223-1111;Juan Carlos Perez Gomez;28/2/2026;28/2/2027;48,986.75;EDIFICIO;1;0-VIVIENDAS;CONCRETO_REF;Prueba 1 (Carga Masiva);591;8;808;80802;0;8080282
1_9;111223-1111;Juan Carlos Perez Gomez;28/2/2026;28/2/2027;48,842.00;EDIFICIO;1;0-VIVIENDAS;CONCRETO_REF;Prueba 1 (Carga Masiva);591;8;808;80802;0;8080283
1_10;111223-1111;Juan Carlos Perez Gomez;28/2/2026;28/2/2027;48,697.25;EDIFICIO;1;0-VIVIENDAS;CONCRETO_REF;Prueba 1 (Carga Masiva);591;8;808;80802;0;8080283
1_10;111223-1111;Juan Carlos Perez Gomez;28/2/2026;28/2/2027;48,552.50;EDIFICIO;1;0-VIVIENDAS;CONCRETO_REF;Prueba 1 (Carga Masiva);591;8;808;80802;0;8080284
1_10;111223-1111;Juan Carlos Perez Gomez;28/2/2026;28/2/2027;48,407.75;EDIFICIO;1;0-VIVIENDAS;CONCRETO_REF;Prueba 1 (Carga Masiva);591;8;808;80802;0;8080284
1_10;111223-1111;Juan Carlos Perez Gomez;28/2/2026;28/2/2027;48,263.00;EDIFICIO;1;0-VIVIENDAS;CONCRETO_REF;Prueba 1 (Carga Masiva);591;8;808;80802;0;8080285
1_10;111223-1111;Juan Carlos Perez Gomez;28/2/2026;28/2/2027;48,118.25;EDIFICIO;1;0-VIVIENDAS;CONCRETO_REF;Prueba 1 (Carga Masiva);591;8;808;80802;0;8080285
1_10;111223-1111;Juan Carlos Perez Gomez;28/2/2026;28/2/2027;47,973.50;EDIFICIO;1;0-VIVIENDAS;CONCRETO_REF;Prueba 1 (Carga Masiva);591;8;808;80802;0;8080286
1_10;111223-1111;Juan Carlos Perez Gomez;28/2/2026;28/2/2027;47,828.75;EDIFICIO;1;0-VIVIENDAS;CONCRETO_REF;Prueba 1 (Carga Masiva);591;8;808;80802;0;8080286
1_10;111223-1111;Juan Carlos Perez Gomez;28/2/2026;28/2/2027;47,684.00;EDIFICIO;1;0-VIVIENDAS;CONCRETO_REF;Prueba 1 (Carga Masiva);591;8;808;80802;0;8080287
1_10;111223-1111;Juan Carlos Perez Gomez;28/2/2026;28/2/2027;47,539.25;EDIFICIO;1;0-VIVIENDAS;CONCRETO_REF;Prueba 1 (Carga Masiva);591;8;808;80802;0;8080287
1_10;111223-1111;Juan Carlos Perez Gomez;28/2/2026;28/2/2027;47,394.50;EDIFICIO;1;0-VIVIENDAS;CONCRETO_REF;Prueba 1 (Carga Masiva);591;8;808;80802;0;8080288
1_10;111223-1111;Juan Carlos Perez Gomez;28/2/2026;28/2/2027;47,249.75;EDIFICIO;1;0-VIVIENDAS;CONCRETO_REF;Prueba 1 (Carga Masiva);591;8;808;80802;0;8080288
1_10;111223-1111;Juan Carlos Perez Gomez;28/2/2026;28/2/2027;47,105.00;EDIFICIO;1;0-VIVIENDAS;CONCRETO_REF;Prueba 1 (Carga Masiva);591;8;808;80802;0;8080289
1_10;111223-1111;Juan Carlos Perez Gomez;28/2/2026;28/2/2027;46,960.25;EDIFICIO;1;0-VIVIENDAS;CONCRETO_REF;Prueba 1 (Carga Masiva);591;8;808;80802;0;8080289
1_17;111223-1111;Juan Carlos Perez Gomez;28/2/2026;28/2/2027;46,815.50;EDIFICIO;1;0-VIVIENDAS;CONCRETO_REF;Prueba 1 (Carga Masiva);591;8;808;80802;0;8080290
1_17;111223-1111;Juan Carlos Perez Gomez;28/2/2026;28/2/2027;46,670.75;EDIFICIO;1;0-VIVIENDAS;CONCRETO_REF;Prueba 1 (Carga Masiva);591;8;808;80802;0;8080290
1_17;111223-1111;Juan Carlos Perez Gomez;1/3/2026;1/3/2027;46,526.00;EDIFICIO;1;0-VIVIENDAS;CONCRETO_REF;Prueba 1 (Carga Masiva);591;8;808;80802;0;8080291
1_17;111223-1111;Juan Carlos Perez Gomez;1/3/2026;1/3/2027;46,381.25;EDIFICIO;1;0-VIVIENDAS;CONCRETO_REF;Prueba 1 (Carga Masiva);591;8;808;80802;0;8080291
1_17;111223-1111;Juan Carlos Perez Gomez;1/3/2026;1/3/2027;46,236.50;EDIFICIO;1;0-VIVIENDAS;CONCRETO_REF;Prueba 1 (Carga Masiva);591;8;808;80802;0;8080292
1_17;111223-1111;Juan Carlos Perez Gomez;1/3/2026;1/3/2027;46,091.75;EDIFICIO;1;0-VIVIENDAS;CONCRETO_REF;Prueba 1 (Carga Masiva);591;8;808;80802;0;8080292
1_17;111223-1112;Juan Carlos Perez Gomez;1/3/2026;1/3/2027;50,000.00;EDIFICIO;1;0-VIVIENDAS;CONCRETO_REF;Prueba 1 (Carga Masiva);591;8;808;80802;0;8080293
1_17;04-0004-00380;LUIS JARAMILLO;1/3/2026;1/3/2027;49,855.25;EDIFICIO;1;0-VIVIENDAS;CONCRETO_REF;Prueba 1 (Carga Masiva);591;8;808;80802;0;8080293
1_17;04-0004-00380;LUIS JARAMILLO;1/3/2026;1/3/2027;49,710.50;EDIFICIO;1;0-VIVIENDAS;CONCRETO_REF;Prueba 1 (Carga Masiva);591;8;808;80802;0;8080295
1_17;04-0004-00380;LUIS JARAMILLO;1/3/2026;1/3/2027;49,565.75;EDIFICIO;1;0-VIVIENDAS;CONCRETO_REF;Prueba 1 (Carga Masiva);591;8;808;80802;0;8080295
1_17;04-0004-00380;LUIS JARAMILLO;1/3/2026;1/3/2027;49,421.00;EDIFICIO;1;0-VIVIENDAS;CONCRETO_REF;Prueba 1 (Carga Masiva);591;8;808;80802;0;8080296
1_17;04-0004-00380;LUIS JARAMILLO;1/3/2026;1/3/2027;49,276.25;EDIFICIO;1;0-VIVIENDAS;CONCRETO_REF;Prueba 1 (Carga Masiva);591;8;808;80802;0;8080296
1_17;04-0004-00380;LUIS JARAMILLO;1/3/2026;1/3/2027;49,131.50;EDIFICIO;1;0-VIVIENDAS;CONCRETO_REF;Prueba 1 (Carga Masiva);591;8;808;80802;0;8080297
1_17;04-0004-00380;LUIS JARAMILLO;1/3/2026;1/3/2027;48,986.75;EDIFICIO;1;0-VIVIENDAS;CONCRETO_REF;Prueba 1 (Carga Masiva);591;8;808;80802;0;8080297
1_9;111223-1111;Juan Carlos Perez Gomez;1/3/2026;1/3/2027;50,000.00;EDIFICIO;1;0-VIVIENDAS;CONCRETO_REF;Prueba 1 (Carga Masiva);591;8;808;80802;0;8080298
1_9;111223-1111;Juan Carlos Perez Gomez;1/3/2026;1/3/2027;49,855.25;EDIFICIO;1;0-VIVIENDAS;CONCRETO_REF;Prueba 1 (Carga Masiva);591;8;808;80802;0;8080298
1_9;111223-1111;Juan Carlos Perez Gomez;1/3/2026;1/3/2027;49,710.50;EDIFICIO;1;0-VIVIENDAS;CONCRETO_REF;Prueba 1 (Carga Masiva);591;8;808;80802;0;8080299
1_9;111223-1111;Juan Carlos Perez Gomez;1/3/2026;1/3/2027;49,565.75;EDIFICIO;1;0-VIVIENDAS;CONCRETO_REF;Prueba 1 (Carga Masiva);591;8;808;80802;0;8080299
1_9;111223-1111;Juan Carlos Perez Gomez;1/3/2026;1/3/2027;49,421.00;EDIFICIO;1;0-VIVIENDAS;CONCRETO_REF;Prueba 1 (Carga Masiva);591;8;808;80802;0;8080300
1_9;111223-1111;Juan Carlos Perez Gomez;1/3/2026;1/3/2027;49,276.25;EDIFICIO;1;0-VIVIENDAS;CONCRETO_REF;Prueba 1 (Carga Masiva);591;8;808;80802;0;8080300
1_9;111223-1111;Juan Carlos Perez Gomez;1/3/2026;1/3/2027;49,131.50;EDIFICIO;1;0-VIVIENDAS;CONCRETO_REF;Prueba 1 (Carga Masiva);591;8;808;80802;0;8080301
1_9;111223-1111;Juan Carlos Perez Gomez;1/3/2026;1/3/2027;48,986.75;EDIFICIO;1;0-VIVIENDAS;CONCRETO_REF;Prueba 1 (Carga Masiva);591;8;808;80802;0;8080301
1_9;111223-1111;Juan Carlos Perez Gomez;7/3/2026;7/3/2027;48,842.00;EDIFICIO;1;0-VIVIENDAS;CONCRETO_REF;Prueba 1 (Carga Masiva);591;8;808;80802;0;8080302
1_10;111223-1111;Juan Carlos Perez Gomez;7/3/2026;7/3/2027;48,697.25;EDIFICIO;1;0-VIVIENDAS;CONCRETO_REF;Prueba 1 (Carga Masiva);591;8;808;80802;0;8080302
1_10;111223-1111;Juan Carlos Perez Gomez;7/3/2026;7/3/2027;48,552.50;EDIFICIO;1;0-VIVIENDAS;CONCRETO_REF;Prueba 1 (Carga Masiva);591;8;808;80802;0;8080303
1_10;111223-1111;Juan Carlos Perez Gomez;7/3/2026;7/3/2027;48,407.75;EDIFICIO;1;0-VIVIENDAS;CONCRETO_REF;Prueba 1 (Carga Masiva);591;8;808;80802;0;8080303
1_10;111223-1111;Juan Carlos Perez Gomez;7/3/2026;7/3/2027;48,263.00;EDIFICIO;1;0-VIVIENDAS;CONCRETO_REF;Prueba 1 (Carga Masiva);591;8;808;80802;0;8080304
1_10;111223-1111;Juan Carlos Perez Gomez;7/3/2026;7/3/2027;48,118.25;EDIFICIO;1;0-VIVIENDAS;CONCRETO_REF;Prueba 1 (Carga Masiva);591;8;808;80802;0;8080304
1_10;111223-1111;Juan Carlos Perez Gomez;7/3/2026;7/3/2027;47,973.50;EDIFICIO;1;0-VIVIENDAS;CONCRETO_REF;Prueba 1 (Carga Masiva);591;8;808;80802;0;8080305
1_10;111223-1111;Juan Carlos Perez Gomez;7/3/2026;7/3/2027;47,828.75;EDIFICIO;1;0-VIVIENDAS;CONCRETO_REF;Prueba 1 (Carga Masiva);591;8;808;80802;0;8080305
1_10;111223-1111;Juan Carlos Perez Gomez;7/3/2026;7/3/2027;47,684.00;EDIFICIO;1;0-VIVIENDAS;CONCRETO_REF;Prueba 1 (Carga Masiva);591;8;808;80802;0;8080306
1_10;111223-1111;Juan Carlos Perez Gomez;7/3/2026;7/3/2027;47,539.25;EDIFICIO;1;0-VIVIENDAS;CONCRETO_REF;Prueba 1 (Carga Masiva);591;8;808;80802;0;8080306
1_10;111223-1111;Juan Carlos Perez Gomez;7/3/2026;7/3/2027;47,394.50;EDIFICIO;1;0-VIVIENDAS;CONCRETO_REF;Prueba 1 (Carga Masiva);591;8;808;80802;0;8080307
1_10;111223-1111;Juan Carlos Perez Gomez;7/3/2026;7/3/2027;47,249.75;EDIFICIO;1;0-VIVIENDAS;CONCRETO_REF;Prueba 1 (Carga Masiva);591;8;808;80802;0;8080307
1_10;111223-1111;Juan Carlos Perez Gomez;7/3/2026;7/3/2027;47,105.00;EDIFICIO;1;0-VIVIENDAS;CONCRETO_REF;Prueba 1 (Carga Masiva);591;8;808;80802;0;8080308
1_10;111223-1111;Juan Carlos Perez Gomez;7/3/2026;7/3/2027;46,960.25;EDIFICIO;1;0-VIVIENDAS;CONCRETO_REF;Prueba 1 (Carga Masiva);591;8;808;80802;0;8080308
1_17;111223-1111;Juan Carlos Perez Gomez;7/3/2026;7/3/2027;46,815.50;EDIFICIO;1;0-VIVIENDAS;CONCRETO_REF;Prueba 1 (Carga Masiva);591;8;808;80802;0;8080309
1_17;111223-1111;Juan Carlos Perez Gomez;7/3/2026;7/3/2027;46,670.75;EDIFICIO;1;0-VIVIENDAS;CONCRETO_REF;Prueba 1 (Carga Masiva);591;8;808;80802;0;8080309
1_17;111223-1111;Juan Carlos Perez Gomez;7/3/2026;7/3/2027;46,526.00;EDIFICIO;1;0-VIVIENDAS;CONCRETO_REF;Prueba 1 (Carga Masiva);591;8;808;80802;0;8080310
1_17;111223-1111;Juan Carlos Perez Gomez;7/3/2026;7/3/2027;46,381.25;EDIFICIO;1;0-VIVIENDAS;CONCRETO_REF;Prueba 1 (Carga Masiva);591;8;808;80802;0;8080310
1_17;111223-1111;Juan Carlos Perez Gomez;7/3/2026;7/3/2027;46,236.50;EDIFICIO;1;0-VIVIENDAS;CONCRETO_REF;Prueba 1 (Carga Masiva);591;8;808;80802;0;8080772
1_17;111223-1111;Juan Carlos Perez Gomez;7/3/2026;7/3/2027;46,091.75;EDIFICIO;1;0-VIVIENDAS;CONCRETO_REF;Prueba 1 (Carga Masiva);591;8;808;80802;0;8080772
1_17;111223-1112;Juan Carlos Perez Gomez;14/3/2026;14/3/2027;50,000.00;EDIFICIO;1;0-VIVIENDAS;CONCRETO_REF;Prueba 1 (Carga Masiva);591;8;808;80802;0;8080803
1_17;04-0004-00380;LUIS JARAMILLO;14/3/2026;14/3/2027;49,855.25;EDIFICIO;1;0-VIVIENDAS;CONCRETO_REF;Prueba 1 (Carga Masiva);591;8;808;80802;0;8080803
1_17;04-0004-00380;LUIS JARAMILLO;14/3/2026;14/3/2027;49,710.50;EDIFICIO;1;0-VIVIENDAS;CONCRETO_REF;Prueba 1 (Carga Masiva);591;8;808;80802;0;8080805
1_17;04-0004-00380;LUIS JARAMILLO;14/3/2026;14/3/2027;49,565.75;EDIFICIO;1;0-VIVIENDAS;CONCRETO_REF;Prueba 1 (Carga Masiva);591;8;808;80802;0;8080805
1_17;04-0004-00380;LUIS JARAMILLO;14/3/2026;14/3/2027;49,421.00;EDIFICIO;1;0-VIVIENDAS;CONCRETO_REF;Prueba 1 (Carga Masiva);591;8;808;80802;0;8080807
1_17;04-0004-00380;LUIS JARAMILLO;14/3/2026;14/3/2027;49,276.25;EDIFICIO;1;0-VIVIENDAS;CONCRETO_REF;Prueba 1 (Carga Masiva);591;8;808;80802;0;8080807
1_17;04-0004-00380;LUIS JARAMILLO;14/3/2026;14/3/2027;49,131.50;EDIFICIO;1;0-VIVIENDAS;CONCRETO_REF;Prueba 1 (Carga Masiva);591;8;808;80802;0;8080808
1_17;04-0004-00380;LUIS JARAMILLO;14/3/2026;14/3/2027;48,986.75;EDIFICIO;1;0-VIVIENDAS;CONCRETO_REF;Prueba 1 (Carga Masiva);591;8;808;80802;0;8080808
1_9;111223-1111;Juan Carlos Perez Gomez;14/3/2026;14/3/2027;50,000.00;EDIFICIO;1;0-VIVIENDAS;CONCRETO_REF;Prueba 1 (Carga Masiva);591;8;808;80802;0;8080809
1_9;111223-1111;Juan Carlos Perez Gomez;14/3/2026;14/3/2027;49,855.25;EDIFICIO;1;0-VIVIENDAS;CONCRETO_REF;Prueba 1 (Carga Masiva);591;8;808;80802;0;8080809
1_9;111223-1111;Juan Carlos Perez Gomez;14/3/2026;14/3/2027;49,710.50;EDIFICIO;1;0-VIVIENDAS;CONCRETO_REF;Prueba 1 (Carga Masiva);591;8;808;80802;0;8080810
1_9;111223-1111;Juan Carlos Perez Gomez;14/3/2026;14/3/2027;49,565.75;EDIFICIO;1;0-VIVIENDAS;CONCRETO_REF;Prueba 1 (Carga Masiva);591;8;808;80802;0;8080810
1_9;111223-1111;Juan Carlos Perez Gomez;14/3/2026;14/3/2027;49,421.00;EDIFICIO;1;0-VIVIENDAS;CONCRETO_REF;Prueba 1 (Carga Masiva);591;8;808;80802;0;8080811
1_9;111223-1111;Juan Carlos Perez Gomez;14/3/2026;14/3/2027;49,276.25;EDIFICIO;1;0-VIVIENDAS;CONCRETO_REF;Prueba 1 (Carga Masiva);591;8;808;80802;0;8080811
1_9;111223-1111;Juan Carlos Perez Gomez;14/3/2026;14/3/2027;49,131.50;EDIFICIO;1;0-VIVIENDAS;CONCRETO_REF;Prueba 1 (Carga Masiva);591;8;808;80802;0;8080812
1_9;111223-1111;Juan Carlos Perez Gomez;14/3/2026;14/3/2027;48,986.75;EDIFICIO;1;0-VIVIENDAS;CONCRETO_REF;Prueba 1 (Carga Masiva);591;8;808;80802;0;8080812
1_9;111223-1111;Juan Carlos Perez Gomez;14/3/2026;14/3/2027;48,842.00;EDIFICIO;1;0-VIVIENDAS;CONCRETO_REF;Prueba 1 (Carga Masiva);591;8;808;80802;0;8080813
1_10;111223-1111;Juan Carlos Perez Gomez;14/3/2026;14/3/2027;48,697.25;EDIFICIO;1;0-VIVIENDAS;CONCRETO_REF;Prueba 1 (Carga Masiva);591;8;808;80802;0;8080813
1_10;111223-1111;Juan Carlos Perez Gomez;14/3/2026;14/3/2027;48,552.50;EDIFICIO;1;0-VIVIENDAS;CONCRETO_REF;Prueba 1 (Carga Masiva);591;8;808;80802;0;8080814
1_10;111223-1111;Juan Carlos Perez Gomez;14/3/2026;14/3/2027;48,407.75;EDIFICIO;1;0-VIVIENDAS;CONCRETO_REF;Prueba 1 (Carga Masiva);591;8;808;80802;0;8080814
1_10;111223-1111;Juan Carlos Perez Gomez;21/3/2026;21/3/2027;48,263.00;EDIFICIO;1;0-VIVIENDAS;CONCRETO_REF;Prueba 1 (Carga Masiva);591;8;808;80802;0;8080815
1_10;111223-1111;Juan Carlos Perez Gomez;21/3/2026;21/3/2027;48,118.25;EDIFICIO;1;0-VIVIENDAS;CONCRETO_REF;Prueba 1 (Carga Masiva);591;8;808;80802;0;8080815
1_10;111223-1111;Juan Carlos Perez Gomez;21/3/2026;21/3/2027;47,973.50;EDIFICIO;1;0-VIVIENDAS;CONCRETO_REF;Prueba 1 (Carga Masiva);591;8;808;80802;0;8080816
1_10;111223-1111;Juan Carlos Perez Gomez;21/3/2026;21/3/2027;47,828.75;EDIFICIO;1;0-VIVIENDAS;CONCRETO_REF;Prueba 1 (Carga Masiva);591;8;808;80802;0;8080816
1_10;111223-1111;Juan Carlos Perez Gomez;21/3/2026;21/3/2027;47,684.00;EDIFICIO;1;0-VIVIENDAS;CONCRETO_REF;Prueba 1 (Carga Masiva);591;8;808;80802;0;8080817
1_10;111223-1111;Juan Carlos Perez Gomez;21/3/2026;21/3/2027;47,539.25;EDIFICIO;1;0-VIVIENDAS;CONCRETO_REF;Prueba 1 (Carga Masiva);591;8;808;80802;0;8080817
1_10;111223-1111;Juan Carlos Perez Gomez;21/3/2026;21/3/2027;47,394.50;EDIFICIO;1;0-VIVIENDAS;CONCRETO_REF;Prueba 1 (Carga Masiva);591;8;808;80802;0;8080818
1_10;111223-1111;Juan Carlos Perez Gomez;21/3/2026;21/3/2027;47,249.75;EDIFICIO;1;0-VIVIENDAS;CONCRETO_REF;Prueba 1 (Carga Masiva);591;8;808;80802;0;8080818
1_10;111223-1111;Juan Carlos Perez Gomez;21/3/2026;21/3/2027;47,105.00;EDIFICIO;1;0-VIVIENDAS;CONCRETO_REF;Prueba 1 (Carga Masiva);591;8;808;80802;0;8080819
1_10;111223-1111;Juan Carlos Perez Gomez;21/3/2026;21/3/2027;46,960.25;EDIFICIO;1;0-VIVIENDAS;CONCRETO_REF;Prueba 1 (Carga Masiva);591;8;808;80802;0;8080819
1_17;111223-1111;Juan Carlos Perez Gomez;21/3/2026;21/3/2027;46,815.50;EDIFICIO;1;0-VIVIENDAS;CONCRETO_REF;Prueba 1 (Carga Masiva);591;8;808;80802;0;8080820
1_17;111223-1111;Juan Carlos Perez Gomez;21/3/2026;21/3/2027;46,670.75;EDIFICIO;1;0-VIVIENDAS;CONCRETO_REF;Prueba 1 (Carga Masiva);591;8;808;80802;0;8080820
1_17;111223-1111;Juan Carlos Perez Gomez;21/3/2026;21/3/2027;46,526.00;EDIFICIO;1;0-VIVIENDAS;CONCRETO_REF;Prueba 1 (Carga Masiva);591;8;808;80802;0;8080821
1_17;111223-1111;Juan Carlos Perez Gomez;21/3/2026;21/3/2027;46,381.25;EDIFICIO;1;0-VIVIENDAS;CONCRETO_REF;Prueba 1 (Carga Masiva);591;8;808;80802;0;8080821
1_17;111223-1111;Juan Carlos Perez Gomez;21/3/2026;21/3/2027;46,236.50;EDIFICIO;1;0-VIVIENDAS;CONCRETO_REF;Prueba 1 (Carga Masiva);591;8;808;80802;0;8080822
1_17;111223-1111;Juan Carlos Perez Gomez;21/3/2026;21/3/2027;46,091.75;EDIFICIO;1;0-VIVIENDAS;CONCRETO_REF;Prueba 1 (Carga Masiva);591;8;808;80802;0;8080822
1_17;111223-1112;Juan Carlos Perez Gomez;21/3/2026;21/3/2027;50,000.00;EDIFICIO;1;0-VIVIENDAS;CONCRETO_REF;Prueba 1 (Carga Masiva);591;8;808;80802;0;8080823
1_17;04-0004-00380;LUIS JARAMILLO;21/3/2026;21/3/2027;49,855.25;EDIFICIO;1;0-VIVIENDAS;CONCRETO_REF;Prueba 1 (Carga Masiva);591;8;808;80802;0;8080823
1_17;04-0004-00380;LUIS JARAMILLO;21/3/2026;21/3/2027;49,710.50;EDIFICIO;1;0-VIVIENDAS;CONCRETO_REF;Prueba 1 (Carga Masiva);591;8;808;80802;0;8080824
1_17;04-0004-00380;LUIS JARAMILLO;21/3/2026;21/3/2027;49,565.75;EDIFICIO;1;0-VIVIENDAS;CONCRETO_REF;Prueba 1 (Carga Masiva);591;8;808;80802;0;8080824
1_17;04-0004-00380;LUIS JARAMILLO;28/3/2026;28/3/2027;49,421.00;EDIFICIO;1;0-VIVIENDAS;CONCRETO_REF;Prueba 1 (Carga Masiva);591;8;808;80802;0;8080825
1_17;04-0004-00380;LUIS JARAMILLO;28/3/2026;28/3/2027;49,276.25;EDIFICIO;1;0-VIVIENDAS;CONCRETO_REF;Prueba 1 (Carga Masiva);591;8;808;80802;0;8080825
1_17;04-0004-00380;LUIS JARAMILLO;28/3/2026;28/3/2027;49,131.50;EDIFICIO;1;0-VIVIENDAS;CONCRETO_REF;Prueba 1 (Carga Masiva);591;8;808;80802;0;8080826
1_17;04-0004-00380;LUIS JARAMILLO;28/3/2026;28/3/2027;48,986.75;EDIFICIO;1;0-VIVIENDAS;CONCRETO_REF;Prueba 1 (Carga Masiva);591;8;808;80802;0;8080826
1_9;111223-1111;Juan Carlos Perez Gomez;28/3/2026;28/3/2027;50,000.00;EDIFICIO;1;0-VIVIENDAS;CONCRETO_REF;Prueba 1 (Carga Masiva);591;8;808;80802;0;8080827
1_9;111223-1111;Juan Carlos Perez Gomez;28/3/2026;28/3/2027;49,855.25;EDIFICIO;1;0-VIVIENDAS;CONCRETO_REF;Prueba 1 (Carga Masiva);591;8;808;80802;0;8080827
1_9;111223-1111;Juan Carlos Perez Gomez;28/3/2026;28/3/2027;49,710.50;EDIFICIO;1;0-VIVIENDAS;CONCRETO_REF;Prueba 1 (Carga Masiva);591;8;808;80802;0;8080828
1_9;111223-1111;Juan Carlos Perez Gomez;28/3/2026;28/3/2027;49,565.75;EDIFICIO;1;0-VIVIENDAS;CONCRETO_REF;Prueba 1 (Carga Masiva);591;8;808;80802;0;8080828
1_9;111223-1111;Juan Carlos Perez Gomez;28/3/2026;28/3/2027;49,421.00;EDIFICIO;1;0-VIVIENDAS;CONCRETO_REF;Prueba 1 (Carga Masiva);591;8;808;80802;0;8080829
1_9;111223-1111;Juan Carlos Perez Gomez;28/3/2026;28/3/2027;49,276.25;EDIFICIO;1;0-VIVIENDAS;CONCRETO_REF;Prueba 1 (Carga Masiva);591;8;808;80802;0;8080829
1_9;111223-1111;Juan Carlos Perez Gomez;28/3/2026;28/3/2027;49,131.50;EDIFICIO;1;0-VIVIENDAS;CONCRETO_REF;Prueba 1 (Carga Masiva);591;8;808;80802;0;8080830
1_9;111223-1111;Juan Carlos Perez Gomez;28/3/2026;28/3/2027;48,986.75;EDIFICIO;1;0-VIVIENDAS;CONCRETO_REF;Prueba 1 (Carga Masiva);591;8;808;80802;0;8080830
1_9;111223-1111;Juan Carlos Perez Gomez;28/3/2026;28/3/2027;48,842.00;EDIFICIO;1;0-VIVIENDAS;CONCRETO_REF;Prueba 1 (Carga Masiva);591;8;808;80802;0;8080831
1_10;111223-1111;Juan Carlos Perez Gomez;28/3/2026;28/3/2027;48,697.25;EDIFICIO;1;0-VIVIENDAS;CONCRETO_REF;Prueba 1 (Carga Masiva);591;8;808;80802;0;8080831
1_10;111223-1111;Juan Carlos Perez Gomez;28/3/2026;28/3/2027;48,552.50;EDIFICIO;1;0-VIVIENDAS;CONCRETO_REF;Prueba 1 (Carga Masiva);591;8;808;80802;0;8080832
1_10;111223-1111;Juan Carlos Perez Gomez;28/3/2026;28/3/2027;48,407.75;EDIFICIO;1;0-VIVIENDAS;CONCRETO_REF;Prueba 1 (Carga Masiva);591;8;808;80802;0;8080832
1_10;111223-1111;Juan Carlos Perez Gomez;28/3/2026;28/3/2027;48,263.00;EDIFICIO;1;0-VIVIENDAS;CONCRETO_REF;Prueba 1 (Carga Masiva);591;8;808;80802;0;8080833
1_10;111223-1111;Juan Carlos Perez Gomez;28/3/2026;28/3/2027;48,118.25;EDIFICIO;1;0-VIVIENDAS;CONCRETO_REF;Prueba 1 (Carga Masiva);591;8;808;80802;0;8080833
1_10;111223-1111;Juan Carlos Perez Gomez;28/3/2026;28/3/2027;47,973.50;EDIFICIO;1;0-VIVIENDAS;CONCRETO_REF;Prueba 1 (Carga Masiva);591;8;808;80802;0;8080834
1_10;111223-1111;Juan Carlos Perez Gomez;28/3/2026;28/3/2027;47,828.75;EDIFICIO;1;0-VIVIENDAS;CONCRETO_REF;Prueba 1 (Carga Masiva);591;8;808;80802;0;8080834
1_10;111223-1111;Juan Carlos Perez Gomez;1/4/2026;1/4/2027;47,684.00;EDIFICIO;1;0-VIVIENDAS;CONCRETO_REF;Prueba 1 (Carga Masiva);591;8;808;80802;0;8080835
1_10;111223-1111;Juan Carlos Perez Gomez;1/4/2026;1/4/2027;47,539.25;EDIFICIO;1;0-VIVIENDAS;CONCRETO_REF;Prueba 1 (Carga Masiva);591;8;808;80802;0;8080835
1_10;111223-1111;Juan Carlos Perez Gomez;1/4/2026;1/4/2027;47,394.50;EDIFICIO;1;0-VIVIENDAS;CONCRETO_REF;Prueba 1 (Carga Masiva);591;8;808;80802;0;8080836
1_10;111223-1111;Juan Carlos Perez Gomez;1/4/2026;1/4/2027;47,249.75;EDIFICIO;1;0-VIVIENDAS;CONCRETO_REF;Prueba 1 (Carga Masiva);591;8;808;80802;0;8080836
1_10;111223-1111;Juan Carlos Perez Gomez;1/4/2026;1/4/2027;47,105.00;EDIFICIO;1;0-VIVIENDAS;CONCRETO_REF;Prueba 1 (Carga Masiva);591;8;808;80802;0;8080837
1_10;111223-1111;Juan Carlos Perez Gomez;1/4/2026;1/4/2027;46,960.25;EDIFICIO;1;0-VIVIENDAS;CONCRETO_REF;Prueba 1 (Carga Masiva);591;8;808;80802;0;8080837
1_17;111223-1111;Juan Carlos Perez Gomez;1/4/2026;1/4/2027;46,815.50;EDIFICIO;1;0-VIVIENDAS;CONCRETO_REF;Prueba 1 (Carga Masiva);591;8;808;80802;0;8080838
1_17;111223-1111;Juan Carlos Perez Gomez;1/4/2026;1/4/2027;46,670.75;EDIFICIO;1;0-VIVIENDAS;CONCRETO_REF;Prueba 1 (Carga Masiva);591;8;808;80802;0;8080838
1_17;111223-1111;Juan Carlos Perez Gomez;1/4/2026;1/4/2027;46,526.00;EDIFICIO;1;0-VIVIENDAS;CONCRETO_REF;Prueba 1 (Carga Masiva);591;8;808;80802;0;8080839
1_17;111223-1111;Juan Carlos Perez Gomez;1/4/2026;1/4/2027;46,381.25;EDIFICIO;1;0-VIVIENDAS;CONCRETO_REF;Prueba 1 (Carga Masiva);591;8;808;80802;0;8080839
1_17;111223-1111;Juan Carlos Perez Gomez;1/4/2026;1/4/2027;46,236.50;EDIFICIO;1;0-VIVIENDAS;CONCRETO_REF;Prueba 1 (Carga Masiva);591;8;808;80802;0;8080840
1_17;111223-1111;Juan Carlos Perez Gomez;1/4/2026;1/4/2027;46,091.75;EDIFICIO;1;0-VIVIENDAS;CONCRETO_REF;Prueba 1 (Carga Masiva);591;8;808;80802;0;8080840
1_17;111223-1112;Juan Carlos Perez Gomez;1/4/2026;1/4/2027;50,000.00;EDIFICIO;1;0-VIVIENDAS;CONCRETO_REF;Prueba 1 (Carga Masiva);591;8;808;80802;0;8080841
1_17;04-0004-00380;LUIS JARAMILLO;1/4/2026;1/4/2027;49,855.25;EDIFICIO;1;0-VIVIENDAS;CONCRETO_REF;Prueba 1 (Carga Masiva);591;8;808;80802;0;8080841
1_17;04-0004-00380;LUIS JARAMILLO;1/4/2026;1/4/2027;49,710.50;EDIFICIO;1;0-VIVIENDAS;CONCRETO_REF;Prueba 1 (Carga Masiva);591;8;808;80802;0;8080842
1_17;04-0004-00380;LUIS JARAMILLO;1/4/2026;1/4/2027;49,565.75;EDIFICIO;1;0-VIVIENDAS;CONCRETO_REF;Prueba 1 (Carga Masiva);591;8;808;80802;0;8080842
1_17;04-0004-00380;LUIS JARAMILLO;1/4/2026;1/4/2027;49,421.00;EDIFICIO;1;0-VIVIENDAS;CONCRETO_REF;Prueba 1 (Carga Masiva);591;8;808;80802;0;8080843
1_17;04-0004-00380;LUIS JARAMILLO;1/4/2026;1/4/2027;49,276.25;EDIFICIO;1;0-VIVIENDAS;CONCRETO_REF;Prueba 1 (Carga Masiva);591;8;808;80802;0;8080843
1_17;04-0004-00380;LUIS JARAMILLO;1/4/2026;1/4/2027;49,131.50;EDIFICIO;1;0-VIVIENDAS;CONCRETO_REF;Prueba 1 (Carga Masiva);591;8;808;80802;0;8080844
1_17;04-0004-00380;LUIS JARAMILLO;1/4/2026;1/4/2027;48,986.75;EDIFICIO;1;0-VIVIENDAS;CONCRETO_REF;Prueba 1 (Carga Masiva);591;8;808;80802;0;8080844
1_9;111223-1111;Juan Carlos Perez Gomez;7/4/2026;7/4/2027;50,000.00;EDIFICIO;1;0-VIVIENDAS;CONCRETO_REF;Prueba 1 (Carga Masiva);591;8;808;80802;0;8080845
1_9;111223-1111;Juan Carlos Perez Gomez;7/4/2026;7/4/2027;49,855.25;EDIFICIO;1;0-VIVIENDAS;CONCRETO_REF;Prueba 1 (Carga Masiva);591;8;808;80802;0;8080845
1_9;111223-1111;Juan Carlos Perez Gomez;7/4/2026;7/4/2027;49,710.50;EDIFICIO;1;0-VIVIENDAS;CONCRETO_REF;Prueba 1 (Carga Masiva);591;8;808;80802;0;8080846
1_9;111223-1111;Juan Carlos Perez Gomez;7/4/2026;7/4/2027;49,565.75;EDIFICIO;1;0-VIVIENDAS;CONCRETO_REF;Prueba 1 (Carga Masiva);591;8;808;80802;0;8080846
1_9;111223-1111;Juan Carlos Perez Gomez;7/4/2026;7/4/2027;49,421.00;EDIFICIO;1;0-VIVIENDAS;CONCRETO_REF;Prueba 1 (Carga Masiva);591;8;808;80802;0;8080847
1_9;111223-1111;Juan Carlos Perez Gomez;7/4/2026;7/4/2027;49,276.25;EDIFICIO;1;0-VIVIENDAS;CONCRETO_REF;Prueba 1 (Carga Masiva);591;8;808;80802;0;8080847
1_9;111223-1111;Juan Carlos Perez Gomez;7/4/2026;7/4/2027;49,131.50;EDIFICIO;1;0-VIVIENDAS;CONCRETO_REF;Prueba 1 (Carga Masiva);591;8;808;80802;0;8080848
1_9;111223-1111;Juan Carlos Perez Gomez;7/4/2026;7/4/2027;48,986.75;EDIFICIO;1;0-VIVIENDAS;CONCRETO_REF;Prueba 1 (Carga Masiva);591;8;808;80802;0;8080848
1_9;111223-1111;Juan Carlos Perez Gomez;7/4/2026;7/4/2027;48,842.00;EDIFICIO;1;0-VIVIENDAS;CONCRETO_REF;Prueba 1 (Carga Masiva);591;8;808;80802;0;8080849
1_10;111223-1111;Juan Carlos Perez Gomez;7/4/2026;7/4/2027;48,697.25;EDIFICIO;1;0-VIVIENDAS;CONCRETO_REF;Prueba 1 (Carga Masiva);591;8;808;80802;0;8080849
1_10;111223-1111;Juan Carlos Perez Gomez;7/4/2026;7/4/2027;48,552.50;EDIFICIO;1;0-VIVIENDAS;CONCRETO_REF;Prueba 1 (Carga Masiva);591;8;808;80802;0;8080850
1_10;111223-1111;Juan Carlos Perez Gomez;7/4/2026;7/4/2027;48,407.75;EDIFICIO;1;0-VIVIENDAS;CONCRETO_REF;Prueba 1 (Carga Masiva);591;8;808;80802;0;8080850
1_10;111223-1111;Juan Carlos Perez Gomez;7/4/2026;7/4/2027;48,263.00;EDIFICIO;1;0-VIVIENDAS;CONCRETO_REF;Prueba 1 (Carga Masiva);591;8;808;80802;0;8080851
1_10;111223-1111;Juan Carlos Perez Gomez;7/4/2026;7/4/2027;48,118.25;EDIFICIO;1;0-VIVIENDAS;CONCRETO_REF;Prueba 1 (Carga Masiva);591;8;808;80802;0;8080851
1_10;111223-1111;Juan Carlos Perez Gomez;7/4/2026;7/4/2027;47,973.50;EDIFICIO;1;0-VIVIENDAS;CONCRETO_REF;Prueba 1 (Carga Masiva);591;8;808;80802;0;8080852
1_10;111223-1111;Juan Carlos Perez Gomez;7/4/2026;7/4/2027;47,828.75;EDIFICIO;1;0-VIVIENDAS;CONCRETO_REF;Prueba 1 (Carga Masiva);591;8;808;80802;0;8080852
1_10;111223-1111;Juan Carlos Perez Gomez;7/4/2026;7/4/2027;47,684.00;EDIFICIO;1;0-VIVIENDAS;CONCRETO_REF;Prueba 1 (Carga Masiva);591;8;808;80802;0;8080853
1_10;111223-1111;Juan Carlos Perez Gomez;7/4/2026;7/4/2027;47,539.25;EDIFICIO;1;0-VIVIENDAS;CONCRETO_REF;Prueba 1 (Carga Masiva);591;8;808;80802;0;8080853
1_10;111223-1111;Juan Carlos Perez Gomez;7/4/2026;7/4/2027;47,394.50;EDIFICIO;1;0-VIVIENDAS;CONCRETO_REF;Prueba 1 (Carga Masiva);591;8;808;80802;0;8080854
1_10;111223-1111;Juan Carlos Perez Gomez;7/4/2026;7/4/2027;47,249.75;EDIFICIO;1;0-VIVIENDAS;CONCRETO_REF;Prueba 1 (Carga Masiva);591;8;808;80802;0;8080854
1_10;111223-1111;Juan Carlos Perez Gomez;14/4/2026;14/4/2027;47,105.00;EDIFICIO;1;0-VIVIENDAS;CONCRETO_REF;Prueba 1 (Carga Masiva);591;8;808;80802;0;8080855
1_10;111223-1111;Juan Carlos Perez Gomez;14/4/2026;14/4/2027;46,960.25;EDIFICIO;1;0-VIVIENDAS;CONCRETO_REF;Prueba 1 (Carga Masiva);591;8;808;80802;0;8080855
1_17;111223-1111;Juan Carlos Perez Gomez;14/4/2026;14/4/2027;46,815.50;EDIFICIO;1;0-VIVIENDAS;CONCRETO_REF;Prueba 1 (Carga Masiva);591;8;808;80802;0;8080856
1_17;111223-1111;Juan Carlos Perez Gomez;14/4/2026;14/4/2027;46,670.75;EDIFICIO;1;0-VIVIENDAS;CONCRETO_REF;Prueba 1 (Carga Masiva);591;8;808;80802;0;8080856
1_17;111223-1111;Juan Carlos Perez Gomez;14/4/2026;14/4/2027;46,526.00;EDIFICIO;1;0-VIVIENDAS;CONCRETO_REF;Prueba 1 (Carga Masiva);591;8;808;80802;0;8080857
1_17;111223-1111;Juan Carlos Perez Gomez;14/4/2026;14/4/2027;46,381.25;EDIFICIO;1;0-VIVIENDAS;CONCRETO_REF;Prueba 1 (Carga Masiva);591;8;808;80802;0;8080857
1_17;111223-1111;Juan Carlos Perez Gomez;14/4/2026;14/4/2027;46,236.50;EDIFICIO;1;0-VIVIENDAS;CONCRETO_REF;Prueba 1 (Carga Masiva);591;8;808;80802;0;8080858
1_17;111223-1111;Juan Carlos Perez Gomez;14/4/2026;14/4/2027;46,091.75;EDIFICIO;1;0-VIVIENDAS;CONCRETO_REF;Prueba 1 (Carga Masiva);591;8;808;80802;0;8080858
1_17;111223-1112;Juan Carlos Perez Gomez;14/4/2026;14/4/2027;50,000.00;EDIFICIO;1;0-VIVIENDAS;CONCRETO_REF;Prueba 1 (Carga Masiva);591;8;808;80802;0;8080859
1_17;04-0004-00380;LUIS JARAMILLO;14/4/2026;14/4/2027;49,855.25;EDIFICIO;1;0-VIVIENDAS;CONCRETO_REF;Prueba 1 (Carga Masiva);591;8;808;80802;0;8080859
1_17;04-0004-00380;LUIS JARAMILLO;14/4/2026;14/4/2027;49,710.50;EDIFICIO;1;0-VIVIENDAS;CONCRETO_REF;Prueba 1 (Carga Masiva);591;8;808;80802;0;8080860
1_17;04-0004-00380;LUIS JARAMILLO;14/4/2026;14/4/2027;49,565.75;EDIFICIO;1;0-VIVIENDAS;CONCRETO_REF;Prueba 1 (Carga Masiva);591;8;808;80802;0;8080860
1_17;04-0004-00380;LUIS JARAMILLO;14/4/2026;14/4/2027;49,421.00;EDIFICIO;1;0-VIVIENDAS;CONCRETO_REF;Prueba 1 (Carga Masiva);591;8;808;80802;0;8080861
1_17;04-0004-00380;LUIS JARAMILLO;14/4/2026;14/4/2027;49,276.25;EDIFICIO;1;0-VIVIENDAS;CONCRETO_REF;Prueba 1 (Carga Masiva);591;8;808;80802;0;8080861
1_17;04-0004-00380;LUIS JARAMILLO;14/4/2026;14/4/2027;49,131.50;EDIFICIO;1;0-VIVIENDAS;CONCRETO_REF;Prueba 1 (Carga Masiva);591;8;808;80802;0;8080862
1_17;04-0004-00380;LUIS JARAMILLO;14/4/2026;14/4/2027;48,986.75;EDIFICIO;1;0-VIVIENDAS;CONCRETO_REF;Prueba 1 (Carga Masiva);591;8;808;80802;0;8080862
1_9;111223-1111;Juan Carlos Perez Gomez;14/4/2026;14/4/2027;50,000.00;EDIFICIO;1;0-VIVIENDAS;CONCRETO_REF;Prueba 1 (Carga Masiva);591;8;808;80802;0;8080863
1_9;111223-1111;Juan Carlos Perez Gomez;14/4/2026;14/4/2027;49,855.25;EDIFICIO;1;0-VIVIENDAS;CONCRETO_REF;Prueba 1 (Carga Masiva);591;8;808;80802;0;8080863
1_9;111223-1111;Juan Carlos Perez Gomez;14/4/2026;14/4/2027;49,710.50;EDIFICIO;1;0-VIVIENDAS;CONCRETO_REF;Prueba 1 (Carga Masiva);591;8;808;80802;0;8080864
1_9;111223-1111;Juan Carlos Perez Gomez;14/4/2026;14/4/2027;49,565.75;EDIFICIO;1;0-VIVIENDAS;CONCRETO_REF;Prueba 1 (Carga Masiva);591;8;808;80802;0;8080864
1_9;111223-1111;Juan Carlos Perez Gomez;21/4/2026;21/4/2027;49,421.00;EDIFICIO;1;0-VIVIENDAS;CONCRETO_REF;Prueba 1 (Carga Masiva);591;8;808;80802;0;8080865
1_9;111223-1111;Juan Carlos Perez Gomez;21/4/2026;21/4/2027;49,276.25;EDIFICIO;1;0-VIVIENDAS;CONCRETO_REF;Prueba 1 (Carga Masiva);591;8;808;80802;0;8080865
1_9;111223-1111;Juan Carlos Perez Gomez;21/4/2026;21/4/2027;49,131.50;EDIFICIO;1;0-VIVIENDAS;CONCRETO_REF;Prueba 1 (Carga Masiva);591;8;808;80802;0;8080866
1_9;111223-1111;Juan Carlos Perez Gomez;21/4/2026;21/4/2027;48,986.75;EDIFICIO;1;0-VIVIENDAS;CONCRETO_REF;Prueba 1 (Carga Masiva);591;8;808;80802;0;8080866
1_9;111223-1111;Juan Carlos Perez Gomez;21/4/2026;21/4/2027;48,842.00;EDIFICIO;1;0-VIVIENDAS;CONCRETO_REF;Prueba 1 (Carga Masiva);591;8;808;80802;0;8080867
1_10;111223-1111;Juan Carlos Perez Gomez;21/4/2026;21/4/2027;48,697.25;EDIFICIO;1;0-VIVIENDAS;CONCRETO_REF;Prueba 1 (Carga Masiva);591;8;808;80802;0;8080867
1_10;111223-1111;Juan Carlos Perez Gomez;21/4/2026;21/4/2027;48,552.50;EDIFICIO;1;0-VIVIENDAS;CONCRETO_REF;Prueba 1 (Carga Masiva);591;8;808;80802;0;8080868
1_10;111223-1111;Juan Carlos Perez Gomez;21/4/2026;21/4/2027;48,407.75;EDIFICIO;1;0-VIVIENDAS;CONCRETO_REF;Prueba 1 (Carga Masiva);591;8;808;80802;0;8080868
1_10;111223-1111;Juan Carlos Perez Gomez;21/4/2026;21/4/2027;48,263.00;EDIFICIO;1;0-VIVIENDAS;CONCRETO_REF;Prueba 1 (Carga Masiva);591;8;808;80802;0;8080869
1_10;111223-1111;Juan Carlos Perez Gomez;21/4/2026;21/4/2027;48,118.25;EDIFICIO;1;0-VIVIENDAS;CONCRETO_REF;Prueba 1 (Carga Masiva);591;8;808;80802;0;8080869
1_10;111223-1111;Juan Carlos Perez Gomez;21/4/2026;21/4/2027;47,973.50;EDIFICIO;1;0-VIVIENDAS;CONCRETO_REF;Prueba 1 (Carga Masiva);591;8;808;80802;0;8080870
1_10;111223-1111;Juan Carlos Perez Gomez;21/4/2026;21/4/2027;47,828.75;EDIFICIO;1;0-VIVIENDAS;CONCRETO_REF;Prueba 1 (Carga Masiva);591;8;808;80802;0;8080870
1_10;111223-1111;Juan Carlos Perez Gomez;21/4/2026;21/4/2027;47,684.00;EDIFICIO;1;0-VIVIENDAS;CONCRETO_REF;Prueba 1 (Carga Masiva);591;8;808;80802;0;8080871
1_10;111223-1111;Juan Carlos Perez Gomez;21/4/2026;21/4/2027;47,539.25;EDIFICIO;1;0-VIVIENDAS;CONCRETO_REF;Prueba 1 (Carga Masiva);591;8;808;80802;0;8080871
1_10;111223-1111;Juan Carlos Perez Gomez;21/4/2026;21/4/2027;47,394.50;EDIFICIO;1;0-VIVIENDAS;CONCRETO_REF;Prueba 1 (Carga Masiva);591;8;808;80802;0;8080872
1_10;111223-1111;Juan Carlos Perez Gomez;21/4/2026;21/4/2027;47,249.75;EDIFICIO;1;0-VIVIENDAS;CONCRETO_REF;Prueba 1 (Carga Masiva);591;8;808;80802;0;8080872
1_10;111223-1111;Juan Carlos Perez Gomez;21/4/2026;21/4/2027;47,105.00;EDIFICIO;1;0-VIVIENDAS;CONCRETO_REF;Prueba 1 (Carga Masiva);591;8;808;80802;0;8080873
1_10;111223-1111;Juan Carlos Perez Gomez;21/4/2026;21/4/2027;46,960.25;EDIFICIO;1;0-VIVIENDAS;CONCRETO_REF;Prueba 1 (Carga Masiva);591;8;808;80802;0;8080873
1_17;111223-1111;Juan Carlos Perez Gomez;21/4/2026;21/4/2027;46,815.50;EDIFICIO;1;0-VIVIENDAS;CONCRETO_REF;Prueba 1 (Carga Masiva);591;8;808;80802;0;8080874
1_17;111223-1111;Juan Carlos Perez Gomez;21/4/2026;21/4/2027;46,670.75;EDIFICIO;1;0-VIVIENDAS;CONCRETO_REF;Prueba 1 (Carga Masiva);591;8;808;80802;0;8080874
1_17;111223-1111;Juan Carlos Perez Gomez;28/4/2026;28/4/2027;46,526.00;EDIFICIO;1;0-VIVIENDAS;CONCRETO_REF;Prueba 1 (Carga Masiva);591;8;808;80802;0;8080875
1_17;111223-1111;Juan Carlos Perez Gomez;28/4/2026;28/4/2027;46,381.25;EDIFICIO;1;0-VIVIENDAS;CONCRETO_REF;Prueba 1 (Carga Masiva);591;8;808;80802;0;8080875
1_17;111223-1111;Juan Carlos Perez Gomez;28/4/2026;28/4/2027;46,236.50;EDIFICIO;1;0-VIVIENDAS;CONCRETO_REF;Prueba 1 (Carga Masiva);591;8;808;80802;0;8080876
1_17;111223-1111;Juan Carlos Perez Gomez;28/4/2026;28/4/2027;46,091.75;EDIFICIO;1;0-VIVIENDAS;CONCRETO_REF;Prueba 1 (Carga Masiva);591;8;808;80802;0;8080876
1_17;111223-1112;Juan Carlos Perez Gomez;28/4/2026;28/4/2027;50,000.00;EDIFICIO;1;0-VIVIENDAS;CONCRETO_REF;Prueba 1 (Carga Masiva);591;8;808;80802;0;8080877
1_17;04-0004-00380;LUIS JARAMILLO;28/4/2026;28/4/2027;49,855.25;EDIFICIO;1;0-VIVIENDAS;CONCRETO_REF;Prueba 1 (Carga Masiva);591;8;808;80802;0;8080877
1_17;04-0004-00380;LUIS JARAMILLO;28/4/2026;28/4/2027;49,710.50;EDIFICIO;1;0-VIVIENDAS;CONCRETO_REF;Prueba 1 (Carga Masiva);591;8;808;80802;0;8080878
1_17;04-0004-00380;LUIS JARAMILLO;28/4/2026;28/4/2027;49,565.75;EDIFICIO;1;0-VIVIENDAS;CONCRETO_REF;Prueba 1 (Carga Masiva);591;8;808;80802;0;8080878
1_17;04-0004-00380;LUIS JARAMILLO;28/4/2026;28/4/2027;49,421.00;EDIFICIO;1;0-VIVIENDAS;CONCRETO_REF;Prueba 1 (Carga Masiva);591;8;808;80802;0;8080879
1_17;04-0004-00380;LUIS JARAMILLO;28/4/2026;28/4/2027;49,276.25;EDIFICIO;1;0-VIVIENDAS;CONCRETO_REF;Prueba 1 (Carga Masiva);591;8;808;80802;0;8080879
1_17;04-0004-00380;LUIS JARAMILLO;28/4/2026;28/4/2027;49,131.50;EDIFICIO;1;0-VIVIENDAS;CONCRETO_REF;Prueba 1 (Carga Masiva);591;8;808;80802;0;8080880
1_17;04-0004-00380;LUIS JARAMILLO;28/4/2026;28/4/2027;48,986.75;EDIFICIO;1;0-VIVIENDAS;CONCRETO_REF;Prueba 1 (Carga Masiva);591;8;808;80802;0;8080880
1_9;111223-1111;Juan Carlos Perez Gomez;28/4/2026;28/4/2027;50,000.00;EDIFICIO;1;0-VIVIENDAS;CONCRETO_REF;Prueba 1 (Carga Masiva);591;8;808;80802;0;8080881
1_9;111223-1111;Juan Carlos Perez Gomez;28/4/2026;28/4/2027;49,855.25;EDIFICIO;1;0-VIVIENDAS;CONCRETO_REF;Prueba 1 (Carga Masiva);591;8;808;80802;0;8080881
1_9;111223-1111;Juan Carlos Perez Gomez;28/4/2026;28/4/2027;49,710.50;EDIFICIO;1;0-VIVIENDAS;CONCRETO_REF;Prueba 1 (Carga Masiva);591;8;808;80802;0;8080882
1_9;111223-1111;Juan Carlos Perez Gomez;28/4/2026;28/4/2027;49,565.75;EDIFICIO;1;0-VIVIENDAS;CONCRETO_REF;Prueba 1 (Carga Masiva);591;8;808;80802;0;8080882
1_9;111223-1111;Juan Carlos Perez Gomez;28/4/2026;28/4/2027;49,421.00;EDIFICIO;1;0-VIVIENDAS;CONCRETO_REF;Prueba 1 (Carga Masiva);591;8;808;80802;0;8080883
1_9;111223-1111;Juan Carlos Perez Gomez;28/4/2026;28/4/2027;49,276.25;EDIFICIO;1;0-VIVIENDAS;CONCRETO_REF;Prueba 1 (Carga Masiva);591;8;808;80802;0;8080883
1_9;111223-1111;Juan Carlos Perez Gomez;28/4/2026;28/4/2027;49,131.50;EDIFICIO;1;0-VIVIENDAS;CONCRETO_REF;Prueba 1 (Carga Masiva);591;8;808;80802;0;8080884
1_9;111223-1111;Juan Carlos Perez Gomez;28/4/2026;28/4/2027;48,986.75;EDIFICIO;1;0-VIVIENDAS;CONCRETO_REF;Prueba 1 (Carga Masiva);591;8;808;80802;0;8080884
1_9;111223-1111;Juan Carlos Perez Gomez;1/5/2026;1/5/2027;48,842.00;EDIFICIO;1;0-VIVIENDAS;CONCRETO_REF;Prueba 1 (Carga Masiva);591;8;808;80802;0;8080885
1_10;111223-1111;Juan Carlos Perez Gomez;1/5/2026;1/5/2027;48,697.25;EDIFICIO;1;0-VIVIENDAS;CONCRETO_REF;Prueba 1 (Carga Masiva);591;8;808;80802;0;8080885
1_10;111223-1111;Juan Carlos Perez Gomez;1/5/2026;1/5/2027;48,552.50;EDIFICIO;1;0-VIVIENDAS;CONCRETO_REF;Prueba 1 (Carga Masiva);591;8;808;80802;0;8080886
1_10;111223-1111;Juan Carlos Perez Gomez;1/5/2026;1/5/2027;48,407.75;EDIFICIO;1;0-VIVIENDAS;CONCRETO_REF;Prueba 1 (Carga Masiva);591;8;808;80802;0;8080886
1_10;111223-1111;Juan Carlos Perez Gomez;1/5/2026;1/5/2027;48,263.00;EDIFICIO;1;0-VIVIENDAS;CONCRETO_REF;Prueba 1 (Carga Masiva);591;8;808;80802;0;8080887
1_10;111223-1111;Juan Carlos Perez Gomez;1/5/2026;1/5/2027;48,118.25;EDIFICIO;1;0-VIVIENDAS;CONCRETO_REF;Prueba 1 (Carga Masiva);591;8;808;80802;0;8080887
1_10;111223-1111;Juan Carlos Perez Gomez;1/5/2026;1/5/2027;47,973.50;EDIFICIO;1;0-VIVIENDAS;CONCRETO_REF;Prueba 1 (Carga Masiva);591;8;808;80802;0;8080888
1_10;111223-1111;Juan Carlos Perez Gomez;1/5/2026;1/5/2027;47,828.75;EDIFICIO;1;0-VIVIENDAS;CONCRETO_REF;Prueba 1 (Carga Masiva);591;8;808;80802;0;8080888
1_10;111223-1111;Juan Carlos Perez Gomez;1/5/2026;1/5/2027;47,684.00;EDIFICIO;1;0-VIVIENDAS;CONCRETO_REF;Prueba 1 (Carga Masiva);591;8;808;80802;0;8080889
1_10;111223-1111;Juan Carlos Perez Gomez;1/5/2026;1/5/2027;47,539.25;EDIFICIO;1;0-VIVIENDAS;CONCRETO_REF;Prueba 1 (Carga Masiva);591;8;808;80802;0;8080889
1_10;111223-1111;Juan Carlos Perez Gomez;1/5/2026;1/5/2027;47,394.50;EDIFICIO;1;0-VIVIENDAS;CONCRETO_REF;Prueba 1 (Carga Masiva);591;8;808;80802;0;8080890
1_10;111223-1111;Juan Carlos Perez Gomez;1/5/2026;1/5/2027;47,249.75;EDIFICIO;1;0-VIVIENDAS;CONCRETO_REF;Prueba 1 (Carga Masiva);591;8;808;80802;0;8080890
1_10;111223-1111;Juan Carlos Perez Gomez;1/5/2026;1/5/2027;47,105.00;EDIFICIO;1;0-VIVIENDAS;CONCRETO_REF;Prueba 1 (Carga Masiva);591;8;808;80802;0;8080891
1_10;111223-1111;Juan Carlos Perez Gomez;1/5/2026;1/5/2027;46,960.25;EDIFICIO;1;0-VIVIENDAS;CONCRETO_REF;Prueba 1 (Carga Masiva);591;8;808;80802;0;8080891
1_17;111223-1111;Juan Carlos Perez Gomez;1/5/2026;1/5/2027;46,815.50;EDIFICIO;1;0-VIVIENDAS;CONCRETO_REF;Prueba 1 (Carga Masiva);591;8;808;80802;0;8080892
1_17;111223-1111;Juan Carlos Perez Gomez;1/5/2026;1/5/2027;46,670.75;EDIFICIO;1;0-VIVIENDAS;CONCRETO_REF;Prueba 1 (Carga Masiva);591;8;808;80802;0;8080892
1_17;111223-1111;Juan Carlos Perez Gomez;1/5/2026;1/5/2027;46,526.00;EDIFICIO;1;0-VIVIENDAS;CONCRETO_REF;Prueba 1 (Carga Masiva);591;8;808;80802;0;8080893
1_17;111223-1111;Juan Carlos Perez Gomez;1/5/2026;1/5/2027;46,381.25;EDIFICIO;1;0-VIVIENDAS;CONCRETO_REF;Prueba 1 (Carga Masiva);591;8;808;80802;0;8080893
1_17;111223-1111;Juan Carlos Perez Gomez;1/5/2026;1/5/2027;46,236.50;EDIFICIO;1;0-VIVIENDAS;CONCRETO_REF;Prueba 1 (Carga Masiva);591;8;808;80802;0;8080894
1_17;111223-1111;Juan Carlos Perez Gomez;1/5/2026;1/5/2027;46,091.75;EDIFICIO;1;0-VIVIENDAS;CONCRETO_REF;Prueba 1 (Carga Masiva);591;8;808;80802;0;8080894
1_17;111223-1112;Juan Carlos Perez Gomez;7/5/2026;7/5/2027;50,000.00;EDIFICIO;1;0-VIVIENDAS;CONCRETO_REF;Prueba 1 (Carga Masiva);591;8;808;80802;0;8080895
1_17;04-0004-00380;LUIS JARAMILLO;7/5/2026;7/5/2027;49,855.25;EDIFICIO;1;0-VIVIENDAS;CONCRETO_REF;Prueba 1 (Carga Masiva);591;8;808;80802;0;8080895
1_17;04-0004-00380;LUIS JARAMILLO;7/5/2026;7/5/2027;49,710.50;EDIFICIO;1;0-VIVIENDAS;CONCRETO_REF;Prueba 1 (Carga Masiva);591;8;808;80802;0;8080896
1_17;04-0004-00380;LUIS JARAMILLO;7/5/2026;7/5/2027;49,565.75;EDIFICIO;1;0-VIVIENDAS;CONCRETO_REF;Prueba 1 (Carga Masiva);591;8;808;80802;0;8080896
1_17;04-0004-00380;LUIS JARAMILLO;7/5/2026;7/5/2027;49,421.00;EDIFICIO;1;0-VIVIENDAS;CONCRETO_REF;Prueba 1 (Carga Masiva);591;8;808;80802;0;8080897
1_17;04-0004-00380;LUIS JARAMILLO;7/5/2026;7/5/2027;49,276.25;EDIFICIO;1;0-VIVIENDAS;CONCRETO_REF;Prueba 1 (Carga Masiva);591;8;808;80802;0;8080897
1_17;04-0004-00380;LUIS JARAMILLO;7/5/2026;7/5/2027;49,131.50;EDIFICIO;1;0-VIVIENDAS;CONCRETO_REF;Prueba 1 (Carga Masiva);591;8;808;80802;0;8080898
1_17;04-0004-00380;LUIS JARAMILLO;7/5/2026;7/5/2027;48,986.75;EDIFICIO;1;0-VIVIENDAS;CONCRETO_REF;Prueba 1 (Carga Masiva);591;8;808;80802;0;8080898
1_9;111223-1111;Juan Carlos Perez Gomez;7/5/2026;7/5/2027;50,000.00;EDIFICIO;1;0-VIVIENDAS;CONCRETO_REF;Prueba 1 (Carga Masiva);591;8;808;80802;0;8080899
1_9;111223-1111;Juan Carlos Perez Gomez;7/5/2026;7/5/2027;49,855.25;EDIFICIO;1;0-VIVIENDAS;CONCRETO_REF;Prueba 1 (Carga Masiva);591;8;808;80802;0;8080899
1_9;111223-1111;Juan Carlos Perez Gomez;7/5/2026;7/5/2027;49,710.50;EDIFICIO;1;0-VIVIENDAS;CONCRETO_REF;Prueba 1 (Carga Masiva);591;8;808;80802;0;8080900
1_9;111223-1111;Juan Carlos Perez Gomez;7/5/2026;7/5/2027;49,565.75;EDIFICIO;1;0-VIVIENDAS;CONCRETO_REF;Prueba 1 (Carga Masiva);591;8;808;80802;0;8080900
1_9;111223-1111;Juan Carlos Perez Gomez;7/5/2026;7/5/2027;49,421.00;EDIFICIO;1;0-VIVIENDAS;CONCRETO_REF;Prueba 1 (Carga Masiva);591;8;808;80802;0;8080901
1_9;111223-1111;Juan Carlos Perez Gomez;7/5/2026;7/5/2027;49,276.25;EDIFICIO;1;0-VIVIENDAS;CONCRETO_REF;Prueba 1 (Carga Masiva);591;8;808;80802;0;8080901
1_9;111223-1111;Juan Carlos Perez Gomez;7/5/2026;7/5/2027;49,131.50;EDIFICIO;1;0-VIVIENDAS;CONCRETO_REF;Prueba 1 (Carga Masiva);591;8;808;80802;0;8080902
1_9;111223-1111;Juan Carlos Perez Gomez;7/5/2026;7/5/2027;48,986.75;EDIFICIO;1;0-VIVIENDAS;CONCRETO_REF;Prueba 1 (Carga Masiva);591;8;808;80802;0;8080902
1_9;111223-1111;Juan Carlos Perez Gomez;7/5/2026;7/5/2027;48,842.00;EDIFICIO;1;0-VIVIENDAS;CONCRETO_REF;Prueba 1 (Carga Masiva);591;8;808;80802;0;8080903
1_10;111223-1111;Juan Carlos Perez Gomez;7/5/2026;7/5/2027;48,697.25;EDIFICIO;1;0-VIVIENDAS;CONCRETO_REF;Prueba 1 (Carga Masiva);591;8;808;80802;0;8080903
1_10;111223-1111;Juan Carlos Perez Gomez;7/5/2026;7/5/2027;48,552.50;EDIFICIO;1;0-VIVIENDAS;CONCRETO_REF;Prueba 1 (Carga Masiva);591;8;808;80802;0;8080904
1_10;111223-1111;Juan Carlos Perez Gomez;7/5/2026;7/5/2027;48,407.75;EDIFICIO;1;0-VIVIENDAS;CONCRETO_REF;Prueba 1 (Carga Masiva);591;8;808;80802;0;8080904
1_10;111223-1111;Juan Carlos Perez Gomez;14/5/2026;14/5/2027;48,263.00;EDIFICIO;1;0-VIVIENDAS;CONCRETO_REF;Prueba 1 (Carga Masiva);591;8;808;80802;0;8080905
1_10;111223-1111;Juan Carlos Perez Gomez;14/5/2026;14/5/2027;48,118.25;EDIFICIO;1;0-VIVIENDAS;CONCRETO_REF;Prueba 1 (Carga Masiva);591;8;808;80802;0;8080905
1_10;111223-1111;Juan Carlos Perez Gomez;14/5/2026;14/5/2027;47,973.50;EDIFICIO;1;0-VIVIENDAS;CONCRETO_REF;Prueba 1 (Carga Masiva);591;8;808;80802;0;8080906
1_10;111223-1111;Juan Carlos Perez Gomez;14/5/2026;14/5/2027;47,828.75;EDIFICIO;1;0-VIVIENDAS;CONCRETO_REF;Prueba 1 (Carga Masiva);591;8;808;80802;0;8080906
1_10;111223-1111;Juan Carlos Perez Gomez;14/5/2026;14/5/2027;47,684.00;EDIFICIO;1;0-VIVIENDAS;CONCRETO_REF;Prueba 1 (Carga Masiva);591;8;808;80802;0;8080907
1_10;111223-1111;Juan Carlos Perez Gomez;14/5/2026;14/5/2027;47,539.25;EDIFICIO;1;0-VIVIENDAS;CONCRETO_REF;Prueba 1 (Carga Masiva);591;8;808;80802;0;8080907
1_10;111223-1111;Juan Carlos Perez Gomez;14/5/2026;14/5/2027;47,394.50;EDIFICIO;1;0-VIVIENDAS;CONCRETO_REF;Prueba 1 (Carga Masiva);591;8;808;80802;0;8080908
1_10;111223-1111;Juan Carlos Perez Gomez;14/5/2026;14/5/2027;47,249.75;EDIFICIO;1;0-VIVIENDAS;CONCRETO_REF;Prueba 1 (Carga Masiva);591;8;808;80802;0;8080908
1_10;111223-1111;Juan Carlos Perez Gomez;14/5/2026;14/5/2027;47,105.00;EDIFICIO;1;0-VIVIENDAS;CONCRETO_REF;Prueba 1 (Carga Masiva);591;8;808;80802;0;8080909
1_10;111223-1111;Juan Carlos Perez Gomez;14/5/2026;14/5/2027;46,960.25;EDIFICIO;1;0-VIVIENDAS;CONCRETO_REF;Prueba 1 (Carga Masiva);591;8;808;80802;0;8080909
1_17;111223-1111;Juan Carlos Perez Gomez;14/5/2026;14/5/2027;46,815.50;EDIFICIO;1;0-VIVIENDAS;CONCRETO_REF;Prueba 1 (Carga Masiva);591;8;808;80802;0;8080910
1_17;111223-1111;Juan Carlos Perez Gomez;14/5/2026;14/5/2027;46,670.75;EDIFICIO;1;0-VIVIENDAS;CONCRETO_REF;Prueba 1 (Carga Masiva);591;8;808;80802;0;8080910
1_17;111223-1111;Juan Carlos Perez Gomez;14/5/2026;14/5/2027;46,526.00;EDIFICIO;1;0-VIVIENDAS;CONCRETO_REF;Prueba 1 (Carga Masiva);591;8;808;80802;0;8080911
1_17;111223-1111;Juan Carlos Perez Gomez;14/5/2026;14/5/2027;46,381.25;EDIFICIO;1;0-VIVIENDAS;CONCRETO_REF;Prueba 1 (Carga Masiva);591;8;808;80802;0;8080911
1_17;111223-1111;Juan Carlos Perez Gomez;14/5/2026;14/5/2027;46,236.50;EDIFICIO;1;0-VIVIENDAS;CONCRETO_REF;Prueba 1 (Carga Masiva);591;8;808;80802;0;8080912
1_17;111223-1111;Juan Carlos Perez Gomez;14/5/2026;14/5/2027;46,091.75;EDIFICIO;1;0-VIVIENDAS;CONCRETO_REF;Prueba 1 (Carga Masiva);591;8;808;80802;0;8080912
1_17;111223-1112;Juan Carlos Perez Gomez;14/5/2026;14/5/2027;50,000.00;EDIFICIO;1;0-VIVIENDAS;CONCRETO_REF;Prueba 1 (Carga Masiva);591;8;808;80802;0;8080913
1_17;04-0004-00380;LUIS JARAMILLO;14/5/2026;14/5/2027;49,855.25;EDIFICIO;1;0-VIVIENDAS;CONCRETO_REF;Prueba 1 (Carga Masiva);591;8;808;80802;0;8080913
1_17;04-0004-00380;LUIS JARAMILLO;14/5/2026;14/5/2027;49,710.50;EDIFICIO;1;0-VIVIENDAS;CONCRETO_REF;Prueba 1 (Carga Masiva);591;8;808;80802;0;8080914
1_17;04-0004-00380;LUIS JARAMILLO;14/5/2026;14/5/2027;49,565.75;EDIFICIO;1;0-VIVIENDAS;CONCRETO_REF;Prueba 1 (Carga Masiva);591;8;808;80802;0;8080914
1_17;04-0004-00380;LUIS JARAMILLO;21/5/2026;21/5/2027;49,421.00;EDIFICIO;1;0-VIVIENDAS;CONCRETO_REF;Prueba 1 (Carga Masiva);591;8;808;80802;0;8080915
1_17;04-0004-00380;LUIS JARAMILLO;21/5/2026;21/5/2027;49,276.25;EDIFICIO;1;0-VIVIENDAS;CONCRETO_REF;Prueba 1 (Carga Masiva);591;8;808;80802;0;8080915
1_17;04-0004-00380;LUIS JARAMILLO;21/5/2026;21/5/2027;49,131.50;EDIFICIO;1;0-VIVIENDAS;CONCRETO_REF;Prueba 1 (Carga Masiva);591;8;808;80802;0;8080916
1_17;04-0004-00380;LUIS JARAMILLO;21/5/2026;21/5/2027;48,986.75;EDIFICIO;1;0-VIVIENDAS;CONCRETO_REF;Prueba 1 (Carga Masiva);591;8;808;80802;0;8080916
1_9;111223-1111;Juan Carlos Perez Gomez;21/5/2026;21/5/2027;50,000.00;EDIFICIO;1;0-VIVIENDAS;CONCRETO_REF;Prueba 1 (Carga Masiva);591;8;808;80802;0;8080917
1_9;111223-1111;Juan Carlos Perez Gomez;21/5/2026;21/5/2027;49,855.25;EDIFICIO;1;0-VIVIENDAS;CONCRETO_REF;Prueba 1 (Carga Masiva);591;8;808;80802;0;8080917
1_9;111223-1111;Juan Carlos Perez Gomez;21/5/2026;21/5/2027;49,710.50;EDIFICIO;1;0-VIVIENDAS;CONCRETO_REF;Prueba 1 (Carga Masiva);591;8;808;80802;0;8080918
1_9;111223-1111;Juan Carlos Perez Gomez;21/5/2026;21/5/2027;49,565.75;EDIFICIO;1;0-VIVIENDAS;CONCRETO_REF;Prueba 1 (Carga Masiva);591;8;808;80802;0;8080918
1_9;111223-1111;Juan Carlos Perez Gomez;21/5/2026;21/5/2027;49,421.00;EDIFICIO;1;0-VIVIENDAS;CONCRETO_REF;Prueba 1 (Carga Masiva);591;8;808;80802;0;8080919
1_9;111223-1111;Juan Carlos Perez Gomez;21/5/2026;21/5/2027;49,276.25;EDIFICIO;1;0-VIVIENDAS;CONCRETO_REF;Prueba 1 (Carga Masiva);591;8;808;80802;0;8080919
1_9;111223-1111;Juan Carlos Perez Gomez;21/5/2026;21/5/2027;49,131.50;EDIFICIO;1;0-VIVIENDAS;CONCRETO_REF;Prueba 1 (Carga Masiva);591;8;808;80802;0;8080920
1_9;111223-1111;Juan Carlos Perez Gomez;21/5/2026;21/5/2027;48,986.75;EDIFICIO;1;0-VIVIENDAS;CONCRETO_REF;Prueba 1 (Carga Masiva);591;8;808;80802;0;8080920
1_9;111223-1111;Juan Carlos Perez Gomez;21/5/2026;21/5/2027;48,842.00;EDIFICIO;1;0-VIVIENDAS;CONCRETO_REF;Prueba 1 (Carga Masiva);591;8;808;80802;0;8080921
1_10;111223-1111;Juan Carlos Perez Gomez;21/5/2026;21/5/2027;48,697.25;EDIFICIO;1;0-VIVIENDAS;CONCRETO_REF;Prueba 1 (Carga Masiva);591;8;808;80802;0;8080921
1_10;111223-1111;Juan Carlos Perez Gomez;21/5/2026;21/5/2027;48,552.50;EDIFICIO;1;0-VIVIENDAS;CONCRETO_REF;Prueba 1 (Carga Masiva);591;8;808;80802;0;8080922
1_10;111223-1111;Juan Carlos Perez Gomez;21/5/2026;21/5/2027;48,407.75;EDIFICIO;1;0-VIVIENDAS;CONCRETO_REF;Prueba 1 (Carga Masiva);591;8;808;80802;0;8080922
1_10;111223-1111;Juan Carlos Perez Gomez;21/5/2026;21/5/2027;48,263.00;EDIFICIO;1;0-VIVIENDAS;CONCRETO_REF;Prueba 1 (Carga Masiva);591;8;808;80802;0;8080923
1_10;111223-1111;Juan Carlos Perez Gomez;21/5/2026;21/5/2027;48,118.25;EDIFICIO;1;0-VIVIENDAS;CONCRETO_REF;Prueba 1 (Carga Masiva);591;8;808;80802;0;8080923
1_10;111223-1111;Juan Carlos Perez Gomez;21/5/2026;21/5/2027;47,973.50;EDIFICIO;1;0-VIVIENDAS;CONCRETO_REF;Prueba 1 (Carga Masiva);591;8;808;80802;0;8080924
1_10;111223-1111;Juan Carlos Perez Gomez;21/5/2026;21/5/2027;47,828.75;EDIFICIO;1;0-VIVIENDAS;CONCRETO_REF;Prueba 1 (Carga Masiva);591;8;808;80802;0;8080924
1_10;111223-1111;Juan Carlos Perez Gomez;28/5/2026;28/5/2027;47,684.00;EDIFICIO;1;0-VIVIENDAS;CONCRETO_REF;Prueba 1 (Carga Masiva);591;8;808;80802;0;8080925
1_10;111223-1111;Juan Carlos Perez Gomez;28/5/2026;28/5/2027;47,539.25;EDIFICIO;1;0-VIVIENDAS;CONCRETO_REF;Prueba 1 (Carga Masiva);591;8;808;80802;0;8080925
1_10;111223-1111;Juan Carlos Perez Gomez;28/5/2026;28/5/2027;47,394.50;EDIFICIO;1;0-VIVIENDAS;CONCRETO_REF;Prueba 1 (Carga Masiva);591;8;808;80802;0;8080926
1_10;111223-1111;Juan Carlos Perez Gomez;28/5/2026;28/5/2027;47,249.75;EDIFICIO;1;0-VIVIENDAS;CONCRETO_REF;Prueba 1 (Carga Masiva);591;8;808;80802;0;8080926
1_10;111223-1111;Juan Carlos Perez Gomez;28/5/2026;28/5/2027;47,105.00;EDIFICIO;1;0-VIVIENDAS;CONCRETO_REF;Prueba 1 (Carga Masiva);591;8;808;80802;0;8080927
1_10;111223-1111;Juan Carlos Perez Gomez;28/5/2026;28/5/2027;46,960.25;EDIFICIO;1;0-VIVIENDAS;CONCRETO_REF;Prueba 1 (Carga Masiva);591;8;808;80802;0;8080927
1_17;111223-1111;Juan Carlos Perez Gomez;28/5/2026;28/5/2027;46,815.50;EDIFICIO;1;0-VIVIENDAS;CONCRETO_REF;Prueba 1 (Carga Masiva);591;8;808;80802;0;8080928
1_17;111223-1111;Juan Carlos Perez Gomez;28/5/2026;28/5/2027;46,670.75;EDIFICIO;1;0-VIVIENDAS;CONCRETO_REF;Prueba 1 (Carga Masiva);591;8;808;80802;0;8080928
1_17;111223-1111;Juan Carlos Perez Gomez;28/5/2026;28/5/2027;46,526.00;EDIFICIO;1;0-VIVIENDAS;CONCRETO_REF;Prueba 1 (Carga Masiva);591;8;808;80802;0;8080929
1_17;111223-1111;Juan Carlos Perez Gomez;28/5/2026;28/5/2027;46,381.25;EDIFICIO;1;0-VIVIENDAS;CONCRETO_REF;Prueba 1 (Carga Masiva);591;8;808;80802;0;8080929
1_17;111223-1111;Juan Carlos Perez Gomez;28/5/2026;28/5/2027;46,236.50;EDIFICIO;1;0-VIVIENDAS;CONCRETO_REF;Prueba 1 (Carga Masiva);591;8;808;80802;0;8080930
1_17;111223-1111;Juan Carlos Perez Gomez;28/5/2026;28/5/2027;46,091.75;EDIFICIO;1;0-VIVIENDAS;CONCRETO_REF;Prueba 1 (Carga Masiva);591;8;808;80802;0;8080930
1_17;111223-1112;Juan Carlos Perez Gomez;28/5/2026;28/5/2027;50,000.00;EDIFICIO;1;0-VIVIENDAS;CONCRETO_REF;Prueba 1 (Carga Masiva);591;8;808;80802;0;8080931
1_17;04-0004-00380;LUIS JARAMILLO;28/5/2026;28/5/2027;49,855.25;EDIFICIO;1;0-VIVIENDAS;CONCRETO_REF;Prueba 1 (Carga Masiva);591;8;808;80802;0;8080931
1_17;04-0004-00380;LUIS JARAMILLO;28/5/2026;28/5/2027;49,710.50;EDIFICIO;1;0-VIVIENDAS;CONCRETO_REF;Prueba 1 (Carga Masiva);591;8;808;80802;0;8080932
1_17;04-0004-00380;LUIS JARAMILLO;28/5/2026;28/5/2027;49,565.75;EDIFICIO;1;0-VIVIENDAS;CONCRETO_REF;Prueba 1 (Carga Masiva);591;8;808;80802;0;8080932
1_17;04-0004-00380;LUIS JARAMILLO;28/5/2026;28/5/2027;49,421.00;EDIFICIO;1;0-VIVIENDAS;CONCRETO_REF;Prueba 1 (Carga Masiva);591;8;808;80802;0;8080933
1_17;04-0004-00380;LUIS JARAMILLO;28/5/2026;28/5/2027;49,276.25;EDIFICIO;1;0-VIVIENDAS;CONCRETO_REF;Prueba 1 (Carga Masiva);591;8;808;80802;0;8080933
1_17;04-0004-00380;LUIS JARAMILLO;28/5/2026;28/5/2027;49,131.50;EDIFICIO;1;0-VIVIENDAS;CONCRETO_REF;Prueba 1 (Carga Masiva);591;8;808;80802;0;8080934
1_17;04-0004-00380;LUIS JARAMILLO;28/5/2026;28/5/2027;48,986.75;EDIFICIO;1;0-VIVIENDAS;CONCRETO_REF;Prueba 1 (Carga Masiva);591;8;808;80802;0;8080934
1_9;111223-1111;Juan Carlos Perez Gomez;1/6/2026;1/6/2027;50,000.00;EDIFICIO;1;0-VIVIENDAS;CONCRETO_REF;Prueba 1 (Carga Masiva);591;8;808;80802;0;8080935
1_9;111223-1111;Juan Carlos Perez Gomez;1/6/2026;1/6/2027;49,855.25;EDIFICIO;1;0-VIVIENDAS;CONCRETO_REF;Prueba 1 (Carga Masiva);591;8;808;80802;0;8080935
1_9;111223-1111;Juan Carlos Perez Gomez;1/6/2026;1/6/2027;49,710.50;EDIFICIO;1;0-VIVIENDAS;CONCRETO_REF;Prueba 1 (Carga Masiva);591;8;808;80802;0;8080936
1_9;111223-1111;Juan Carlos Perez Gomez;1/6/2026;1/6/2027;49,565.75;EDIFICIO;1;0-VIVIENDAS;CONCRETO_REF;Prueba 1 (Carga Masiva);591;8;808;80802;0;8080936
1_9;111223-1111;Juan Carlos Perez Gomez;1/6/2026;1/6/2027;49,421.00;EDIFICIO;1;0-VIVIENDAS;CONCRETO_REF;Prueba 1 (Carga Masiva);591;8;808;80802;0;8080937
1_9;111223-1111;Juan Carlos Perez Gomez;1/6/2026;1/6/2027;49,276.25;EDIFICIO;1;0-VIVIENDAS;CONCRETO_REF;Prueba 1 (Carga Masiva);591;8;808;80802;0;8080937
1_9;111223-1111;Juan Carlos Perez Gomez;1/6/2026;1/6/2027;49,131.50;EDIFICIO;1;0-VIVIENDAS;CONCRETO_REF;Prueba 1 (Carga Masiva);591;8;808;80802;0;8080938
1_9;111223-1111;Juan Carlos Perez Gomez;1/6/2026;1/6/2027;48,986.75;EDIFICIO;1;0-VIVIENDAS;CONCRETO_REF;Prueba 1 (Carga Masiva);591;8;808;80802;0;8080938
1_9;111223-1111;Juan Carlos Perez Gomez;1/6/2026;1/6/2027;48,842.00;EDIFICIO;1;0-VIVIENDAS;CONCRETO_REF;Prueba 1 (Carga Masiva);591;8;808;80802;0;8080939
1_10;111223-1111;Juan Carlos Perez Gomez;1/6/2026;1/6/2027;48,697.25;EDIFICIO;1;0-VIVIENDAS;CONCRETO_REF;Prueba 1 (Carga Masiva);591;8;808;80802;0;8080939
1_10;111223-1111;Juan Carlos Perez Gomez;1/6/2026;1/6/2027;48,552.50;EDIFICIO;1;0-VIVIENDAS;CONCRETO_REF;Prueba 1 (Carga Masiva);591;8;808;80802;0;8080940
1_10;111223-1111;Juan Carlos Perez Gomez;1/6/2026;1/6/2027;48,407.75;EDIFICIO;1;0-VIVIENDAS;CONCRETO_REF;Prueba 1 (Carga Masiva);591;8;808;80802;0;8080940
1_10;111223-1111;Juan Carlos Perez Gomez;1/6/2026;1/6/2027;48,263.00;EDIFICIO;1;0-VIVIENDAS;CONCRETO_REF;Prueba 1 (Carga Masiva);591;8;808;80802;0;8080941
1_10;111223-1111;Juan Carlos Perez Gomez;1/6/2026;1/6/2027;48,118.25;EDIFICIO;1;0-VIVIENDAS;CONCRETO_REF;Prueba 1 (Carga Masiva);591;8;808;80802;0;8080941
1_10;111223-1111;Juan Carlos Perez Gomez;1/6/2026;1/6/2027;47,973.50;EDIFICIO;1;0-VIVIENDAS;CONCRETO_REF;Prueba 1 (Carga Masiva);591;8;808;80802;0;8080942
1_10;111223-1111;Juan Carlos Perez Gomez;1/6/2026;1/6/2027;47,828.75;EDIFICIO;1;0-VIVIENDAS;CONCRETO_REF;Prueba 1 (Carga Masiva);591;8;808;80802;0;8080942
1_10;111223-1111;Juan Carlos Perez Gomez;1/6/2026;1/6/2027;47,684.00;EDIFICIO;1;0-VIVIENDAS;CONCRETO_REF;Prueba 1 (Carga Masiva);591;8;808;80802;0;8080943
1_10;111223-1111;Juan Carlos Perez Gomez;1/6/2026;1/6/2027;47,539.25;EDIFICIO;1;0-VIVIENDAS;CONCRETO_REF;Prueba 1 (Carga Masiva);591;8;808;80802;0;8080943
1_10;111223-1111;Juan Carlos Perez Gomez;1/6/2026;1/6/2027;47,394.50;EDIFICIO;1;0-VIVIENDAS;CONCRETO_REF;Prueba 1 (Carga Masiva);591;8;808;80802;0;8080944
1_10;111223-1111;Juan Carlos Perez Gomez;1/6/2026;1/6/2027;47,249.75;EDIFICIO;1;0-VIVIENDAS;CONCRETO_REF;Prueba 1 (Carga Masiva);591;8;808;80802;0;8080944
1_10;111223-1111;Juan Carlos Perez Gomez;7/6/2026;7/6/2027;47,105.00;EDIFICIO;1;0-VIVIENDAS;CONCRETO_REF;Prueba 1 (Carga Masiva);591;8;808;80802;0;8080945
1_10;111223-1111;Juan Carlos Perez Gomez;7/6/2026;7/6/2027;46,960.25;EDIFICIO;1;0-VIVIENDAS;CONCRETO_REF;Prueba 1 (Carga Masiva);591;8;808;80802;0;8080945
1_17;111223-1111;Juan Carlos Perez Gomez;7/6/2026;7/6/2027;46,815.50;EDIFICIO;1;0-VIVIENDAS;CONCRETO_REF;Prueba 1 (Carga Masiva);591;8;808;80802;0;8080946
1_17;111223-1111;Juan Carlos Perez Gomez;7/6/2026;7/6/2027;46,670.75;EDIFICIO;1;0-VIVIENDAS;CONCRETO_REF;Prueba 1 (Carga Masiva);591;8;808;80802;0;8080946
1_17;111223-1111;Juan Carlos Perez Gomez;7/6/2026;7/6/2027;46,526.00;EDIFICIO;1;0-VIVIENDAS;CONCRETO_REF;Prueba 1 (Carga Masiva);591;8;808;80802;0;8080947
1_17;111223-1111;Juan Carlos Perez Gomez;7/6/2026;7/6/2027;46,381.25;EDIFICIO;1;0-VIVIENDAS;CONCRETO_REF;Prueba 1 (Carga Masiva);591;8;808;80802;0;8080947
1_17;111223-1111;Juan Carlos Perez Gomez;7/6/2026;7/6/2027;46,236.50;EDIFICIO;1;0-VIVIENDAS;CONCRETO_REF;Prueba 1 (Carga Masiva);591;8;808;80802;0;8080948
1_17;111223-1111;Juan Carlos Perez Gomez;7/6/2026;7/6/2027;46,091.75;EDIFICIO;1;0-VIVIENDAS;CONCRETO_REF;Prueba 1 (Carga Masiva);591;8;808;80802;0;8080948
1_17;111223-1112;Juan Carlos Perez Gomez;7/6/2026;7/6/2027;50,000.00;EDIFICIO;1;0-VIVIENDAS;CONCRETO_REF;Prueba 1 (Carga Masiva);591;8;808;80802;0;8080949
1_17;04-0004-00380;LUIS JARAMILLO;7/6/2026;7/6/2027;49,855.25;EDIFICIO;1;0-VIVIENDAS;CONCRETO_REF;Prueba 1 (Carga Masiva);591;8;808;80802;0;8080949
1_17;04-0004-00380;LUIS JARAMILLO;7/6/2026;7/6/2027;49,710.50;EDIFICIO;1;0-VIVIENDAS;CONCRETO_REF;Prueba 1 (Carga Masiva);591;8;808;80802;0;8080950
1_17;04-0004-00380;LUIS JARAMILLO;7/6/2026;7/6/2027;49,565.75;EDIFICIO;1;0-VIVIENDAS;CONCRETO_REF;Prueba 1 (Carga Masiva);591;8;808;80802;0;8080950
1_17;04-0004-00380;LUIS JARAMILLO;7/6/2026;7/6/2027;49,421.00;EDIFICIO;1;0-VIVIENDAS;CONCRETO_REF;Prueba 1 (Carga Masiva);591;8;808;80802;0;8080951
1_17;04-0004-00380;LUIS JARAMILLO;7/6/2026;7/6/2027;49,276.25;EDIFICIO;1;0-VIVIENDAS;CONCRETO_REF;Prueba 1 (Carga Masiva);591;8;808;80802;0;8080951
1_17;04-0004-00380;LUIS JARAMILLO;7/6/2026;7/6/2027;49,131.50;EDIFICIO;1;0-VIVIENDAS;CONCRETO_REF;Prueba 1 (Carga Masiva);591;8;808;80802;0;8080952
1_17;04-0004-00380;LUIS JARAMILLO;7/6/2026;7/6/2027;48,986.75;EDIFICIO;1;0-VIVIENDAS;CONCRETO_REF;Prueba 1 (Carga Masiva);591;8;808;80802;0;8080952
1_9;111223-1111;Juan Carlos Perez Gomez;7/6/2026;7/6/2027;50,000.00;EDIFICIO;1;0-VIVIENDAS;CONCRETO_REF;Prueba 1 (Carga Masiva);591;8;808;80802;0;8080953
1_9;111223-1111;Juan Carlos Perez Gomez;7/6/2026;7/6/2027;49,855.25;EDIFICIO;1;0-VIVIENDAS;CONCRETO_REF;Prueba 1 (Carga Masiva);591;8;808;80802;0;8080953
1_9;111223-1111;Juan Carlos Perez Gomez;7/6/2026;7/6/2027;49,710.50;EDIFICIO;1;0-VIVIENDAS;CONCRETO_REF;Prueba 1 (Carga Masiva);591;8;808;80802;0;8080954
1_9;111223-1111;Juan Carlos Perez Gomez;7/6/2026;7/6/2027;49,565.75;EDIFICIO;1;0-VIVIENDAS;CONCRETO_REF;Prueba 1 (Carga Masiva);591;8;808;80802;0;8080954
1_9;111223-1111;Juan Carlos Perez Gomez;14/6/2026;14/6/2027;49,421.00;EDIFICIO;1;0-VIVIENDAS;CONCRETO_REF;Prueba 1 (Carga Masiva);591;8;808;80802;0;8080955
1_9;111223-1111;Juan Carlos Perez Gomez;14/6/2026;14/6/2027;49,276.25;EDIFICIO;1;0-VIVIENDAS;CONCRETO_REF;Prueba 1 (Carga Masiva);591;8;808;80802;0;8080955
1_9;111223-1111;Juan Carlos Perez Gomez;14/6/2026;14/6/2027;49,131.50;EDIFICIO;1;0-VIVIENDAS;CONCRETO_REF;Prueba 1 (Carga Masiva);591;8;808;80803;0;8080310
1_9;111223-1111;Juan Carlos Perez Gomez;14/6/2026;14/6/2027;48,986.75;EDIFICIO;1;0-VIVIENDAS;CONCRETO_REF;Prueba 1 (Carga Masiva);591;8;808;80803;0;8080310
1_9;111223-1111;Juan Carlos Perez Gomez;14/6/2026;14/6/2027;48,842.00;EDIFICIO;1;0-VIVIENDAS;CONCRETO_REF;Prueba 1 (Carga Masiva);591;8;808;80803;0;8080311
1_10;111223-1111;Juan Carlos Perez Gomez;14/6/2026;14/6/2027;48,697.25;EDIFICIO;1;0-VIVIENDAS;CONCRETO_REF;Prueba 1 (Carga Masiva);591;8;808;80803;0;8080311
1_10;111223-1111;Juan Carlos Perez Gomez;14/6/2026;14/6/2027;48,552.50;EDIFICIO;1;0-VIVIENDAS;CONCRETO_REF;Prueba 1 (Carga Masiva);591;8;808;80803;0;8080312
1_10;111223-1111;Juan Carlos Perez Gomez;14/6/2026;14/6/2027;48,407.75;EDIFICIO;1;0-VIVIENDAS;CONCRETO_REF;Prueba 1 (Carga Masiva);591;8;808;80803;0;8080312
1_10;111223-1111;Juan Carlos Perez Gomez;14/6/2026;14/6/2027;48,263.00;EDIFICIO;1;0-VIVIENDAS;CONCRETO_REF;Prueba 1 (Carga Masiva);591;8;808;80803;0;8080313
1_10;111223-1111;Juan Carlos Perez Gomez;14/6/2026;14/6/2027;48,118.25;EDIFICIO;1;0-VIVIENDAS;CONCRETO_REF;Prueba 1 (Carga Masiva);591;8;808;80803;0;8080313
1_10;111223-1111;Juan Carlos Perez Gomez;14/6/2026;14/6/2027;47,973.50;EDIFICIO;1;0-VIVIENDAS;CONCRETO_REF;Prueba 1 (Carga Masiva);591;8;808;80803;0;8080314
1_10;111223-1111;Juan Carlos Perez Gomez;14/6/2026;14/6/2027;47,828.75;EDIFICIO;1;0-VIVIENDAS;CONCRETO_REF;Prueba 1 (Carga Masiva);591;8;808;80803;0;8080314
1_10;111223-1111;Juan Carlos Perez Gomez;14/6/2026;14/6/2027;47,684.00;EDIFICIO;1;0-VIVIENDAS;CONCRETO_REF;Prueba 1 (Carga Masiva);591;8;808;80803;0;8080315
1_10;111223-1111;Juan Carlos Perez Gomez;14/6/2026;14/6/2027;47,539.25;EDIFICIO;1;0-VIVIENDAS;CONCRETO_REF;Prueba 1 (Carga Masiva);591;8;808;80803;0;8080315
1_10;111223-1111;Juan Carlos Perez Gomez;14/6/2026;14/6/2027;47,394.50;EDIFICIO;1;0-VIVIENDAS;CONCRETO_REF;Prueba 1 (Carga Masiva);591;8;808;80803;0;8080316
1_10;111223-1111;Juan Carlos Perez Gomez;14/6/2026;14/6/2027;47,249.75;EDIFICIO;1;0-VIVIENDAS;CONCRETO_REF;Prueba 1 (Carga Masiva);591;8;808;80803;0;8080316
1_10;111223-1111;Juan Carlos Perez Gomez;14/6/2026;14/6/2027;47,105.00;EDIFICIO;1;0-VIVIENDAS;CONCRETO_REF;Prueba 1 (Carga Masiva);591;8;808;80803;0;8080317
1_10;111223-1111;Juan Carlos Perez Gomez;14/6/2026;14/6/2027;46,960.25;EDIFICIO;1;0-VIVIENDAS;CONCRETO_REF;Prueba 1 (Carga Masiva);591;8;808;80803;0;8080317
1_17;111223-1111;Juan Carlos Perez Gomez;14/6/2026;14/6/2027;46,815.50;EDIFICIO;1;0-VIVIENDAS;CONCRETO_REF;Prueba 1 (Carga Masiva);591;8;808;80803;0;8080318
1_17;111223-1111;Juan Carlos Perez Gomez;14/6/2026;14/6/2027;46,670.75;EDIFICIO;1;0-VIVIENDAS;CONCRETO_REF;Prueba 1 (Carga Masiva);591;8;808;80803;0;8080318
1_17;111223-1111;Juan Carlos Perez Gomez;21/6/2026;21/6/2027;46,526.00;EDIFICIO;1;0-VIVIENDAS;CONCRETO_REF;Prueba 1 (Carga Masiva);591;8;808;80803;0;8080319
1_17;111223-1111;Juan Carlos Perez Gomez;21/6/2026;21/6/2027;46,381.25;EDIFICIO;1;0-VIVIENDAS;CONCRETO_REF;Prueba 1 (Carga Masiva);591;8;808;80803;0;8080319
1_17;111223-1111;Juan Carlos Perez Gomez;21/6/2026;21/6/2027;46,236.50;EDIFICIO;1;0-VIVIENDAS;CONCRETO_REF;Prueba 1 (Carga Masiva);591;8;808;80803;0;8080320
1_17;111223-1111;Juan Carlos Perez Gomez;21/6/2026;21/6/2027;46,091.75;EDIFICIO;1;0-VIVIENDAS;CONCRETO_REF;Prueba 1 (Carga Masiva);591;8;808;80803;0;8080320
1_17;111223-1112;Juan Carlos Perez Gomez;21/6/2026;21/6/2027;50,000.00;EDIFICIO;1;0-VIVIENDAS;CONCRETO_REF;Prueba 1 (Carga Masiva);591;8;808;80803;0;8080321
1_17;04-0004-00380;LUIS JARAMILLO;21/6/2026;21/6/2027;49,855.25;EDIFICIO;1;0-VIVIENDAS;CONCRETO_REF;Prueba 1 (Carga Masiva);591;8;808;80803;0;8080321
1_17;04-0004-00380;LUIS JARAMILLO;21/6/2026;21/6/2027;49,710.50;EDIFICIO;1;0-VIVIENDAS;CONCRETO_REF;Prueba 1 (Carga Masiva);591;8;808;80803;0;8080322
1_17;04-0004-00380;LUIS JARAMILLO;21/6/2026;21/6/2027;49,565.75;EDIFICIO;1;0-VIVIENDAS;CONCRETO_REF;Prueba 1 (Carga Masiva);591;8;808;80803;0;8080322
1_17;04-0004-00380;LUIS JARAMILLO;21/6/2026;21/6/2027;49,421.00;EDIFICIO;1;0-VIVIENDAS;CONCRETO_REF;Prueba 1 (Carga Masiva);591;8;808;80803;0;8080323
1_17;04-0004-00380;LUIS JARAMILLO;21/6/2026;21/6/2027;49,276.25;EDIFICIO;1;0-VIVIENDAS;CONCRETO_REF;Prueba 1 (Carga Masiva);591;8;808;80803;0;8080323
1_17;04-0004-00380;LUIS JARAMILLO;21/6/2026;21/6/2027;49,131.50;EDIFICIO;1;0-VIVIENDAS;CONCRETO_REF;Prueba 1 (Carga Masiva);591;8;808;80803;0;8080324
1_17;04-0004-00380;LUIS JARAMILLO;21/6/2026;21/6/2027;48,986.75;EDIFICIO;1;0-VIVIENDAS;CONCRETO_REF;Prueba 1 (Carga Masiva);591;8;808;80803;0;8080324
1_9;111223-1111;Juan Carlos Perez Gomez;21/6/2026;21/6/2027;50,000.00;EDIFICIO;1;0-VIVIENDAS;CONCRETO_REF;Prueba 1 (Carga Masiva);591;8;808;80803;0;8080325
1_9;111223-1111;Juan Carlos Perez Gomez;21/6/2026;21/6/2027;49,855.25;EDIFICIO;1;0-VIVIENDAS;CONCRETO_REF;Prueba 1 (Carga Masiva);591;8;808;80803;0;8080325
1_9;111223-1111;Juan Carlos Perez Gomez;21/6/2026;21/6/2027;49,710.50;EDIFICIO;1;0-VIVIENDAS;CONCRETO_REF;Prueba 1 (Carga Masiva);591;8;808;80803;0;8080326
1_9;111223-1111;Juan Carlos Perez Gomez;21/6/2026;21/6/2027;49,565.75;EDIFICIO;1;0-VIVIENDAS;CONCRETO_REF;Prueba 1 (Carga Masiva);591;8;808;80803;0;8080326
1_9;111223-1111;Juan Carlos Perez Gomez;21/6/2026;21/6/2027;49,421.00;EDIFICIO;1;0-VIVIENDAS;CONCRETO_REF;Prueba 1 (Carga Masiva);591;8;808;80803;0;8080327
1_9;111223-1111;Juan Carlos Perez Gomez;21/6/2026;21/6/2027;49,276.25;EDIFICIO;1;0-VIVIENDAS;CONCRETO_REF;Prueba 1 (Carga Masiva);591;8;808;80803;0;8080327
1_9;111223-1111;Juan Carlos Perez Gomez;21/6/2026;21/6/2027;49,131.50;EDIFICIO;1;0-VIVIENDAS;CONCRETO_REF;Prueba 1 (Carga Masiva);591;8;808;80803;0;8080328
1_9;111223-1111;Juan Carlos Perez Gomez;21/6/2026;21/6/2027;48,986.75;EDIFICIO;1;0-VIVIENDAS;CONCRETO_REF;Prueba 1 (Carga Masiva);591;8;808;80803;0;8080328
1_9;111223-1111;Juan Carlos Perez Gomez;28/6/2026;28/6/2027;48,842.00;EDIFICIO;1;0-VIVIENDAS;CONCRETO_REF;Prueba 1 (Carga Masiva);591;8;808;80803;0;8080329
1_10;111223-1111;Juan Carlos Perez Gomez;28/6/2026;28/6/2027;48,697.25;EDIFICIO;1;0-VIVIENDAS;CONCRETO_REF;Prueba 1 (Carga Masiva);591;8;808;80803;0;8080329
1_10;111223-1111;Juan Carlos Perez Gomez;28/6/2026;28/6/2027;48,552.50;EDIFICIO;1;0-VIVIENDAS;CONCRETO_REF;Prueba 1 (Carga Masiva);591;8;808;80803;0;8080330
1_10;111223-1111;Juan Carlos Perez Gomez;28/6/2026;28/6/2027;48,407.75;EDIFICIO;1;0-VIVIENDAS;CONCRETO_REF;Prueba 1 (Carga Masiva);591;8;808;80803;0;8080330
1_10;111223-1111;Juan Carlos Perez Gomez;28/6/2026;28/6/2027;48,263.00;EDIFICIO;1;0-VIVIENDAS;CONCRETO_REF;Prueba 1 (Carga Masiva);591;8;808;80803;0;8080331
1_10;111223-1111;Juan Carlos Perez Gomez;28/6/2026;28/6/2027;48,118.25;EDIFICIO;1;0-VIVIENDAS;CONCRETO_REF;Prueba 1 (Carga Masiva);591;8;808;80803;0;8080331
1_10;111223-1111;Juan Carlos Perez Gomez;28/6/2026;28/6/2027;47,973.50;EDIFICIO;1;0-VIVIENDAS;CONCRETO_REF;Prueba 1 (Carga Masiva);591;8;808;80803;0;8080332
1_10;111223-1111;Juan Carlos Perez Gomez;28/6/2026;28/6/2027;47,828.75;EDIFICIO;1;0-VIVIENDAS;CONCRETO_REF;Prueba 1 (Carga Masiva);591;8;808;80803;0;8080332
1_10;111223-1111;Juan Carlos Perez Gomez;28/6/2026;28/6/2027;47,684.00;EDIFICIO;1;0-VIVIENDAS;CONCRETO_REF;Prueba 1 (Carga Masiva);591;8;808;80803;0;8080333
1_10;111223-1111;Juan Carlos Perez Gomez;28/6/2026;28/6/2027;47,539.25;EDIFICIO;1;0-VIVIENDAS;CONCRETO_REF;Prueba 1 (Carga Masiva);591;8;808;80803;0;8080333
1_10;111223-1111;Juan Carlos Perez Gomez;28/6/2026;28/6/2027;47,394.50;EDIFICIO;1;0-VIVIENDAS;CONCRETO_REF;Prueba 1 (Carga Masiva);591;8;808;80803;0;8080334
1_10;111223-1111;Juan Carlos Perez Gomez;28/6/2026;28/6/2027;47,249.75;EDIFICIO;1;0-VIVIENDAS;CONCRETO_REF;Prueba 1 (Carga Masiva);591;8;808;80803;0;8080334
1_10;111223-1111;Juan Carlos Perez Gomez;28/6/2026;28/6/2027;47,105.00;EDIFICIO;1;0-VIVIENDAS;CONCRETO_REF;Prueba 1 (Carga Masiva);591;8;808;80803;0;8080335
1_10;111223-1111;Juan Carlos Perez Gomez;28/6/2026;28/6/2027;46,960.25;EDIFICIO;1;0-VIVIENDAS;CONCRETO_REF;Prueba 1 (Carga Masiva);591;8;808;80803;0;8080335
1_17;111223-1111;Juan Carlos Perez Gomez;28/6/2026;28/6/2027;46,815.50;EDIFICIO;1;0-VIVIENDAS;CONCRETO_REF;Prueba 1 (Carga Masiva);591;8;808;80803;0;8080336
1_17;111223-1111;Juan Carlos Perez Gomez;28/6/2026;28/6/2027;46,670.75;EDIFICIO;1;0-VIVIENDAS;CONCRETO_REF;Prueba 1 (Carga Masiva);591;8;808;80803;0;8080336
1_17;111223-1111;Juan Carlos Perez Gomez;28/6/2026;28/6/2027;46,526.00;EDIFICIO;1;0-VIVIENDAS;CONCRETO_REF;Prueba 1 (Carga Masiva);591;8;808;80803;0;8080337
1_17;111223-1111;Juan Carlos Perez Gomez;28/6/2026;28/6/2027;46,381.25;EDIFICIO;1;0-VIVIENDAS;CONCRETO_REF;Prueba 1 (Carga Masiva);591;8;808;80803;0;8080337
1_17;111223-1111;Juan Carlos Perez Gomez;28/6/2026;28/6/2027;46,236.50;EDIFICIO;1;0-VIVIENDAS;CONCRETO_REF;Prueba 1 (Carga Masiva);591;8;808;80803;0;8080338
1_17;111223-1111;Juan Carlos Perez Gomez;28/6/2026;28/6/2027;46,091.75;EDIFICIO;1;0-VIVIENDAS;CONCRETO_REF;Prueba 1 (Carga Masiva);591;8;808;80803;0;8080338
1_17;111223-1112;Juan Carlos Perez Gomez;1/7/2026;1/7/2027;50,000.00;EDIFICIO;1;0-VIVIENDAS;CONCRETO_REF;Prueba 1 (Carga Masiva);591;8;808;80803;0;8080339
1_17;04-0004-00380;LUIS JARAMILLO;1/7/2026;1/7/2027;49,855.25;EDIFICIO;1;0-VIVIENDAS;CONCRETO_REF;Prueba 1 (Carga Masiva);591;8;808;80803;0;8080339
1_17;04-0004-00380;LUIS JARAMILLO;1/7/2026;1/7/2027;49,710.50;EDIFICIO;1;0-VIVIENDAS;CONCRETO_REF;Prueba 1 (Carga Masiva);591;8;808;80803;0;8080340
1_17;04-0004-00380;LUIS JARAMILLO;1/7/2026;1/7/2027;49,565.75;EDIFICIO;1;0-VIVIENDAS;CONCRETO_REF;Prueba 1 (Carga Masiva);591;8;808;80803;0;8080340
1_17;04-0004-00380;LUIS JARAMILLO;1/7/2026;1/7/2027;49,421.00;EDIFICIO;1;0-VIVIENDAS;CONCRETO_REF;Prueba 1 (Carga Masiva);591;8;808;80803;0;8080341
1_17;04-0004-00380;LUIS JARAMILLO;1/7/2026;1/7/2027;49,276.25;EDIFICIO;1;0-VIVIENDAS;CONCRETO_REF;Prueba 1 (Carga Masiva);591;8;808;80803;0;8080341
1_17;04-0004-00380;LUIS JARAMILLO;1/7/2026;1/7/2027;49,131.50;EDIFICIO;1;0-VIVIENDAS;CONCRETO_REF;Prueba 1 (Carga Masiva);591;8;808;80803;0;8080342
1_17;04-0004-00380;LUIS JARAMILLO;1/7/2026;1/7/2027;48,986.75;EDIFICIO;1;0-VIVIENDAS;CONCRETO_REF;Prueba 1 (Carga Masiva);591;8;808;80803;0;8080342
1_9;111223-1111;Juan Carlos Perez Gomez;1/7/2026;1/7/2027;50,000.00;EDIFICIO;1;0-VIVIENDAS;CONCRETO_REF;Prueba 1 (Carga Masiva);591;8;808;80803;0;8080343
1_9;111223-1111;Juan Carlos Perez Gomez;1/7/2026;1/7/2027;49,855.25;EDIFICIO;1;0-VIVIENDAS;CONCRETO_REF;Prueba 1 (Carga Masiva);591;8;808;80803;0;8080343
1_9;111223-1111;Juan Carlos Perez Gomez;1/7/2026;1/7/2027;49,710.50;EDIFICIO;1;0-VIVIENDAS;CONCRETO_REF;Prueba 1 (Carga Masiva);591;8;808;80803;0;8080344
1_9;111223-1111;Juan Carlos Perez Gomez;1/7/2026;1/7/2027;49,565.75;EDIFICIO;1;0-VIVIENDAS;CONCRETO_REF;Prueba 1 (Carga Masiva);591;8;808;80803;0;8080344
1_9;111223-1111;Juan Carlos Perez Gomez;1/7/2026;1/7/2027;49,421.00;EDIFICIO;1;0-VIVIENDAS;CONCRETO_REF;Prueba 1 (Carga Masiva);591;8;808;80803;0;8080345
1_9;111223-1111;Juan Carlos Perez Gomez;1/7/2026;1/7/2027;49,276.25;EDIFICIO;1;0-VIVIENDAS;CONCRETO_REF;Prueba 1 (Carga Masiva);591;8;808;80803;0;8080345
1_9;111223-1111;Juan Carlos Perez Gomez;1/7/2026;1/7/2027;49,131.50;EDIFICIO;1;0-VIVIENDAS;CONCRETO_REF;Prueba 1 (Carga Masiva);591;8;808;80803;0;8080346
1_9;111223-1111;Juan Carlos Perez Gomez;1/7/2026;1/7/2027;48,986.75;EDIFICIO;1;0-VIVIENDAS;CONCRETO_REF;Prueba 1 (Carga Masiva);591;8;808;80803;0;8080346
1_9;111223-1111;Juan Carlos Perez Gomez;1/7/2026;1/7/2027;48,842.00;EDIFICIO;1;0-VIVIENDAS;CONCRETO_REF;Prueba 1 (Carga Masiva);591;8;808;80803;0;8080347
1_10;111223-1111;Juan Carlos Perez Gomez;1/7/2026;1/7/2027;48,697.25;EDIFICIO;1;0-VIVIENDAS;CONCRETO_REF;Prueba 1 (Carga Masiva);591;8;808;80803;0;8080347
1_10;111223-1111;Juan Carlos Perez Gomez;1/7/2026;1/7/2027;48,552.50;EDIFICIO;1;0-VIVIENDAS;CONCRETO_REF;Prueba 1 (Carga Masiva);591;8;808;80803;0;8080348
1_10;111223-1111;Juan Carlos Perez Gomez;1/7/2026;1/7/2027;48,407.75;EDIFICIO;1;0-VIVIENDAS;CONCRETO_REF;Prueba 1 (Carga Masiva);591;8;808;80803;0;8080348
1_10;111223-1111;Juan Carlos Perez Gomez;7/7/2026;7/7/2027;48,263.00;EDIFICIO;1;0-VIVIENDAS;CONCRETO_REF;Prueba 1 (Carga Masiva);591;8;808;80803;0;8080349
1_10;111223-1111;Juan Carlos Perez Gomez;7/7/2026;7/7/2027;48,118.25;EDIFICIO;1;0-VIVIENDAS;CONCRETO_REF;Prueba 1 (Carga Masiva);591;8;808;80803;0;8080349
1_10;111223-1111;Juan Carlos Perez Gomez;7/7/2026;7/7/2027;47,973.50;EDIFICIO;1;0-VIVIENDAS;CONCRETO_REF;Prueba 1 (Carga Masiva);591;8;808;80803;0;8080350
1_10;111223-1111;Juan Carlos Perez Gomez;7/7/2026;7/7/2027;47,828.75;EDIFICIO;1;0-VIVIENDAS;CONCRETO_REF;Prueba 1 (Carga Masiva);591;8;808;80803;0;8080350
1_10;111223-1111;Juan Carlos Perez Gomez;7/7/2026;7/7/2027;47,684.00;EDIFICIO;1;0-VIVIENDAS;CONCRETO_REF;Prueba 1 (Carga Masiva);591;8;808;80803;0;8080351
1_10;111223-1111;Juan Carlos Perez Gomez;7/7/2026;7/7/2027;47,539.25;EDIFICIO;1;0-VIVIENDAS;CONCRETO_REF;Prueba 1 (Carga Masiva);591;8;808;80803;0;8080351
1_10;111223-1111;Juan Carlos Perez Gomez;7/7/2026;7/7/2027;47,394.50;EDIFICIO;1;0-VIVIENDAS;CONCRETO_REF;Prueba 1 (Carga Masiva);591;8;808;80803;0;8080352
1_10;111223-1111;Juan Carlos Perez Gomez;7/7/2026;7/7/2027;47,249.75;EDIFICIO;1;0-VIVIENDAS;CONCRETO_REF;Prueba 1 (Carga Masiva);591;8;808;80803;0;8080352
1_10;111223-1111;Juan Carlos Perez Gomez;7/7/2026;7/7/2027;47,105.00;EDIFICIO;1;0-VIVIENDAS;CONCRETO_REF;Prueba 1 (Carga Masiva);591;8;808;80803;0;8080353
1_10;111223-1111;Juan Carlos Perez Gomez;7/7/2026;7/7/2027;46,960.25;EDIFICIO;1;0-VIVIENDAS;CONCRETO_REF;Prueba 1 (Carga Masiva);591;8;808;80803;0;8080353
1_17;111223-1111;Juan Carlos Perez Gomez;7/7/2026;7/7/2027;46,815.50;EDIFICIO;1;0-VIVIENDAS;CONCRETO_REF;Prueba 1 (Carga Masiva);591;8;808;80803;0;8080354
1_17;111223-1111;Juan Carlos Perez Gomez;7/7/2026;7/7/2027;46,670.75;EDIFICIO;1;0-VIVIENDAS;CONCRETO_REF;Prueba 1 (Carga Masiva);591;8;808;80803;0;8080354
1_17;111223-1111;Juan Carlos Perez Gomez;7/7/2026;7/7/2027;46,526.00;EDIFICIO;1;0-VIVIENDAS;CONCRETO_REF;Prueba 1 (Carga Masiva);591;8;808;80803;0;8080355
1_17;111223-1111;Juan Carlos Perez Gomez;7/7/2026;7/7/2027;46,381.25;EDIFICIO;1;0-VIVIENDAS;CONCRETO_REF;Prueba 1 (Carga Masiva);591;8;808;80803;0;8080355
1_17;111223-1111;Juan Carlos Perez Gomez;7/7/2026;7/7/2027;46,236.50;EDIFICIO;1;0-VIVIENDAS;CONCRETO_REF;Prueba 1 (Carga Masiva);591;8;808;80803;0;8080356
1_17;111223-1111;Juan Carlos Perez Gomez;7/7/2026;7/7/2027;46,091.75;EDIFICIO;1;0-VIVIENDAS;CONCRETO_REF;Prueba 1 (Carga Masiva);591;8;808;80803;0;8080356
1_17;111223-1112;Juan Carlos Perez Gomez;7/7/2026;7/7/2027;50,000.00;EDIFICIO;1;0-VIVIENDAS;CONCRETO_REF;Prueba 1 (Carga Masiva);591;8;808;80803;0;8080357
1_17;04-0004-00380;LUIS JARAMILLO;7/7/2026;7/7/2027;49,855.25;EDIFICIO;1;0-VIVIENDAS;CONCRETO_REF;Prueba 1 (Carga Masiva);591;8;808;80803;0;8080357
1_17;04-0004-00380;LUIS JARAMILLO;7/7/2026;7/7/2027;49,710.50;EDIFICIO;1;0-VIVIENDAS;CONCRETO_REF;Prueba 1 (Carga Masiva);591;8;808;80803;0;8080358
1_17;04-0004-00380;LUIS JARAMILLO;7/7/2026;7/7/2027;49,565.75;EDIFICIO;1;0-VIVIENDAS;CONCRETO_REF;Prueba 1 (Carga Masiva);591;8;808;80803;0;8080358
1_17;04-0004-00380;LUIS JARAMILLO;14/7/2026;14/7/2027;49,421.00;EDIFICIO;1;0-VIVIENDAS;CONCRETO_REF;Prueba 1 (Carga Masiva);591;8;808;80803;0;8080359
1_17;04-0004-00380;LUIS JARAMILLO;14/7/2026;14/7/2027;49,276.25;EDIFICIO;1;0-VIVIENDAS;CONCRETO_REF;Prueba 1 (Carga Masiva);591;8;808;80803;0;8080359
1_17;04-0004-00380;LUIS JARAMILLO;14/7/2026;14/7/2027;49,131.50;EDIFICIO;1;0-VIVIENDAS;CONCRETO_REF;Prueba 1 (Carga Masiva);591;8;808;80803;0;8080360
1_17;04-0004-00380;LUIS JARAMILLO;14/7/2026;14/7/2027;48,986.75;EDIFICIO;1;0-VIVIENDAS;CONCRETO_REF;Prueba 1 (Carga Masiva);591;8;808;80803;0;8080360
1_9;111223-1111;Juan Carlos Perez Gomez;14/7/2026;14/7/2027;50,000.00;EDIFICIO;1;0-VIVIENDAS;CONCRETO_REF;Prueba 1 (Carga Masiva);591;8;808;80803;0;8080361
1_9;111223-1111;Juan Carlos Perez Gomez;14/7/2026;14/7/2027;49,855.25;EDIFICIO;1;0-VIVIENDAS;CONCRETO_REF;Prueba 1 (Carga Masiva);591;8;808;80803;0;8080361
1_9;111223-1111;Juan Carlos Perez Gomez;14/7/2026;14/7/2027;49,710.50;EDIFICIO;1;0-VIVIENDAS;CONCRETO_REF;Prueba 1 (Carga Masiva);591;8;808;80803;0;8080362
1_9;111223-1111;Juan Carlos Perez Gomez;14/7/2026;14/7/2027;49,565.75;EDIFICIO;1;0-VIVIENDAS;CONCRETO_REF;Prueba 1 (Carga Masiva);591;8;808;80803;0;8080362
1_9;111223-1111;Juan Carlos Perez Gomez;14/7/2026;14/7/2027;49,421.00;EDIFICIO;1;0-VIVIENDAS;CONCRETO_REF;Prueba 1 (Carga Masiva);591;8;808;80803;0;8080363
1_9;111223-1111;Juan Carlos Perez Gomez;14/7/2026;14/7/2027;49,276.25;EDIFICIO;1;0-VIVIENDAS;CONCRETO_REF;Prueba 1 (Carga Masiva);591;8;808;80803;0;8080363
1_9;111223-1111;Juan Carlos Perez Gomez;14/7/2026;14/7/2027;49,131.50;EDIFICIO;1;0-VIVIENDAS;CONCRETO_REF;Prueba 1 (Carga Masiva);591;8;808;80803;0;8080365
1_9;111223-1111;Juan Carlos Perez Gomez;14/7/2026;14/7/2027;48,986.75;EDIFICIO;1;0-VIVIENDAS;CONCRETO_REF;Prueba 1 (Carga Masiva);591;8;808;80803;0;8080365
1_9;111223-1111;Juan Carlos Perez Gomez;14/7/2026;14/7/2027;48,842.00;EDIFICIO;1;0-VIVIENDAS;CONCRETO_REF;Prueba 1 (Carga Masiva);591;8;808;80803;0;8080366
1_10;111223-1111;Juan Carlos Perez Gomez;14/7/2026;14/7/2027;48,697.25;EDIFICIO;1;0-VIVIENDAS;CONCRETO_REF;Prueba 1 (Carga Masiva);591;8;808;80803;0;8080366
1_10;111223-1111;Juan Carlos Perez Gomez;14/7/2026;14/7/2027;48,552.50;EDIFICIO;1;0-VIVIENDAS;CONCRETO_REF;Prueba 1 (Carga Masiva);591;8;808;80803;0;8080790
1_10;111223-1111;Juan Carlos Perez Gomez;14/7/2026;14/7/2027;48,407.75;EDIFICIO;1;0-VIVIENDAS;CONCRETO_REF;Prueba 1 (Carga Masiva);591;8;808;80803;0;8080790
1_10;111223-1111;Juan Carlos Perez Gomez;14/7/2026;14/7/2027;48,263.00;EDIFICIO;1;0-VIVIENDAS;CONCRETO_REF;Prueba 1 (Carga Masiva);591;8;808;80803;0;8080791
1_10;111223-1111;Juan Carlos Perez Gomez;14/7/2026;14/7/2027;48,118.25;EDIFICIO;1;0-VIVIENDAS;CONCRETO_REF;Prueba 1 (Carga Masiva);591;8;808;80803;0;8080791
1_10;111223-1111;Juan Carlos Perez Gomez;14/7/2026;14/7/2027;47,973.50;EDIFICIO;1;0-VIVIENDAS;CONCRETO_REF;Prueba 1 (Carga Masiva);591;8;808;80803;0;8080806
1_10;111223-1111;Juan Carlos Perez Gomez;14/7/2026;14/7/2027;47,828.75;EDIFICIO;1;0-VIVIENDAS;CONCRETO_REF;Prueba 1 (Carga Masiva);591;8;808;80803;0;8080806
1_10;111223-1111;Juan Carlos Perez Gomez;21/7/2026;21/7/2027;47,684.00;EDIFICIO;1;0-VIVIENDAS;CONCRETO_REF;Prueba 1 (Carga Masiva);591;8;808;80803;0;8080807
1_10;111223-1111;Juan Carlos Perez Gomez;21/7/2026;21/7/2027;47,539.25;EDIFICIO;1;0-VIVIENDAS;CONCRETO_REF;Prueba 1 (Carga Masiva);591;8;808;80803;0;8080807
1_10;111223-1111;Juan Carlos Perez Gomez;21/7/2026;21/7/2027;47,394.50;EDIFICIO;1;0-VIVIENDAS;CONCRETO_REF;Prueba 1 (Carga Masiva);591;8;808;80803;0;8080808
1_10;111223-1111;Juan Carlos Perez Gomez;21/7/2026;21/7/2027;47,249.75;EDIFICIO;1;0-VIVIENDAS;CONCRETO_REF;Prueba 1 (Carga Masiva);591;8;808;80803;0;8080808
1_10;111223-1111;Juan Carlos Perez Gomez;21/7/2026;21/7/2027;47,105.00;EDIFICIO;1;0-VIVIENDAS;CONCRETO_REF;Prueba 1 (Carga Masiva);591;8;808;80803;0;8080809
1_10;111223-1111;Juan Carlos Perez Gomez;21/7/2026;21/7/2027;46,960.25;EDIFICIO;1;0-VIVIENDAS;CONCRETO_REF;Prueba 1 (Carga Masiva);591;8;808;80803;0;8080809
1_17;111223-1111;Juan Carlos Perez Gomez;21/7/2026;21/7/2027;46,815.50;EDIFICIO;1;0-VIVIENDAS;CONCRETO_REF;Prueba 1 (Carga Masiva);591;8;808;80803;0;8080810
1_17;111223-1111;Juan Carlos Perez Gomez;21/7/2026;21/7/2027;46,670.75;EDIFICIO;1;0-VIVIENDAS;CONCRETO_REF;Prueba 1 (Carga Masiva);591;8;808;80803;0;8080810
1_17;111223-1111;Juan Carlos Perez Gomez;21/7/2026;21/7/2027;46,526.00;EDIFICIO;1;0-VIVIENDAS;CONCRETO_REF;Prueba 1 (Carga Masiva);591;8;808;80803;0;8080811
1_17;111223-1111;Juan Carlos Perez Gomez;21/7/2026;21/7/2027;46,381.25;EDIFICIO;1;0-VIVIENDAS;CONCRETO_REF;Prueba 1 (Carga Masiva);591;8;808;80803;0;8080811
1_17;111223-1111;Juan Carlos Perez Gomez;21/7/2026;21/7/2027;46,236.50;EDIFICIO;1;0-VIVIENDAS;CONCRETO_REF;Prueba 1 (Carga Masiva);591;8;808;80803;0;8080812
1_17;111223-1111;Juan Carlos Perez Gomez;21/7/2026;21/7/2027;46,091.75;EDIFICIO;1;0-VIVIENDAS;CONCRETO_REF;Prueba 1 (Carga Masiva);591;8;808;80803;0;8080812
1_17;111223-1112;Juan Carlos Perez Gomez;21/7/2026;21/7/2027;50,000.00;EDIFICIO;1;0-VIVIENDAS;CONCRETO_REF;Prueba 1 (Carga Masiva);591;8;808;80803;0;8080813
1_17;04-0004-00380;LUIS JARAMILLO;21/7/2026;21/7/2027;49,855.25;EDIFICIO;1;0-VIVIENDAS;CONCRETO_REF;Prueba 1 (Carga Masiva);591;8;808;80803;0;8080813
1_17;04-0004-00380;LUIS JARAMILLO;21/7/2026;21/7/2027;49,710.50;EDIFICIO;1;0-VIVIENDAS;CONCRETO_REF;Prueba 1 (Carga Masiva);591;8;808;80803;0;8080814
1_17;04-0004-00380;LUIS JARAMILLO;21/7/2026;21/7/2027;49,565.75;EDIFICIO;1;0-VIVIENDAS;CONCRETO_REF;Prueba 1 (Carga Masiva);591;8;808;80803;0;8080814
1_17;04-0004-00380;LUIS JARAMILLO;21/7/2026;21/7/2027;49,421.00;EDIFICIO;1;0-VIVIENDAS;CONCRETO_REF;Prueba 1 (Carga Masiva);591;8;808;80803;0;8080815
1_17;04-0004-00380;LUIS JARAMILLO;21/7/2026;21/7/2027;49,276.25;EDIFICIO;1;0-VIVIENDAS;CONCRETO_REF;Prueba 1 (Carga Masiva);591;8;808;80803;0;8080815
1_17;04-0004-00380;LUIS JARAMILLO;21/7/2026;21/7/2027;49,131.50;EDIFICIO;1;0-VIVIENDAS;CONCRETO_REF;Prueba 1 (Carga Masiva);591;8;808;80803;0;8080816
1_17;04-0004-00380;LUIS JARAMILLO;21/7/2026;21/7/2027;48,986.75;EDIFICIO;1;0-VIVIENDAS;CONCRETO_REF;Prueba 1 (Carga Masiva);591;8;808;80803;0;8080816
1_9;111223-1111;Juan Carlos Perez Gomez;28/7/2026;28/7/2027;50,000.00;EDIFICIO;1;0-VIVIENDAS;CONCRETO_REF;Prueba 1 (Carga Masiva);591;8;808;80803;0;8080817
1_9;111223-1111;Juan Carlos Perez Gomez;28/7/2026;28/7/2027;49,855.25;EDIFICIO;1;0-VIVIENDAS;CONCRETO_REF;Prueba 1 (Carga Masiva);591;8;808;80803;0;8080817
1_9;111223-1111;Juan Carlos Perez Gomez;28/7/2026;28/7/2027;49,710.50;EDIFICIO;1;0-VIVIENDAS;CONCRETO_REF;Prueba 1 (Carga Masiva);591;8;808;80803;0;8080818
1_9;111223-1111;Juan Carlos Perez Gomez;28/7/2026;28/7/2027;49,565.75;EDIFICIO;1;0-VIVIENDAS;CONCRETO_REF;Prueba 1 (Carga Masiva);591;8;808;80803;0;8080818
1_9;111223-1111;Juan Carlos Perez Gomez;28/7/2026;28/7/2027;49,421.00;EDIFICIO;1;0-VIVIENDAS;CONCRETO_REF;Prueba 1 (Carga Masiva);591;8;808;80803;0;8080819
1_9;111223-1111;Juan Carlos Perez Gomez;28/7/2026;28/7/2027;49,276.25;EDIFICIO;1;0-VIVIENDAS;CONCRETO_REF;Prueba 1 (Carga Masiva);591;8;808;80803;0;8080819
1_9;111223-1111;Juan Carlos Perez Gomez;28/7/2026;28/7/2027;49,131.50;EDIFICIO;1;0-VIVIENDAS;CONCRETO_REF;Prueba 1 (Carga Masiva);591;8;808;80803;0;8080820
1_9;111223-1111;Juan Carlos Perez Gomez;28/7/2026;28/7/2027;48,986.75;EDIFICIO;1;0-VIVIENDAS;CONCRETO_REF;Prueba 1 (Carga Masiva);591;8;808;80803;0;8080820
1_9;111223-1111;Juan Carlos Perez Gomez;28/7/2026;28/7/2027;48,842.00;EDIFICIO;1;0-VIVIENDAS;CONCRETO_REF;Prueba 1 (Carga Masiva);591;8;808;80803;0;8080821
1_10;111223-1111;Juan Carlos Perez Gomez;28/7/2026;28/7/2027;48,697.25;EDIFICIO;1;0-VIVIENDAS;CONCRETO_REF;Prueba 1 (Carga Masiva);591;8;808;80803;0;8080821
1_10;111223-1111;Juan Carlos Perez Gomez;28/7/2026;28/7/2027;48,552.50;EDIFICIO;1;0-VIVIENDAS;CONCRETO_REF;Prueba 1 (Carga Masiva);591;8;808;80803;0;8080822
1_10;111223-1111;Juan Carlos Perez Gomez;28/7/2026;28/7/2027;48,407.75;EDIFICIO;1;0-VIVIENDAS;CONCRETO_REF;Prueba 1 (Carga Masiva);591;8;808;80803;0;8080822
1_10;111223-1111;Juan Carlos Perez Gomez;28/7/2026;28/7/2027;48,263.00;EDIFICIO;1;0-VIVIENDAS;CONCRETO_REF;Prueba 1 (Carga Masiva);591;8;808;80803;0;8080823
1_10;111223-1111;Juan Carlos Perez Gomez;28/7/2026;28/7/2027;48,118.25;EDIFICIO;1;0-VIVIENDAS;CONCRETO_REF;Prueba 1 (Carga Masiva);591;8;808;80803;0;8080823
1_10;111223-1111;Juan Carlos Perez Gomez;28/7/2026;28/7/2027;47,973.50;EDIFICIO;1;0-VIVIENDAS;CONCRETO_REF;Prueba 1 (Carga Masiva);591;8;808;80803;0;8080824
1_10;111223-1111;Juan Carlos Perez Gomez;28/7/2026;28/7/2027;47,828.75;EDIFICIO;1;0-VIVIENDAS;CONCRETO_REF;Prueba 1 (Carga Masiva);591;8;808;80803;0;8080824
1_10;111223-1111;Juan Carlos Perez Gomez;28/7/2026;28/7/2027;47,684.00;EDIFICIO;1;0-VIVIENDAS;CONCRETO_REF;Prueba 1 (Carga Masiva);591;8;808;80803;0;8080825
1_10;111223-1111;Juan Carlos Perez Gomez;28/7/2026;28/7/2027;47,539.25;EDIFICIO;1;0-VIVIENDAS;CONCRETO_REF;Prueba 1 (Carga Masiva);591;8;808;80803;0;8080825
1_10;111223-1111;Juan Carlos Perez Gomez;28/7/2026;28/7/2027;47,394.50;EDIFICIO;1;0-VIVIENDAS;CONCRETO_REF;Prueba 1 (Carga Masiva);591;8;808;80803;0;8080826
1_10;111223-1111;Juan Carlos Perez Gomez;28/7/2026;28/7/2027;47,249.75;EDIFICIO;1;0-VIVIENDAS;CONCRETO_REF;Prueba 1 (Carga Masiva);591;8;808;80803;0;8080826
1_10;111223-1111;Juan Carlos Perez Gomez;1/8/2026;1/8/2027;47,105.00;EDIFICIO;1;0-VIVIENDAS;CONCRETO_REF;Prueba 1 (Carga Masiva);591;8;808;80803;0;8080827
1_10;111223-1111;Juan Carlos Perez Gomez;1/8/2026;1/8/2027;46,960.25;EDIFICIO;1;0-VIVIENDAS;CONCRETO_REF;Prueba 1 (Carga Masiva);591;8;808;80803;0;8080827
1_17;111223-1111;Juan Carlos Perez Gomez;1/8/2026;1/8/2027;46,815.50;EDIFICIO;1;0-VIVIENDAS;CONCRETO_REF;Prueba 1 (Carga Masiva);591;8;808;80803;0;8080828
1_17;111223-1111;Juan Carlos Perez Gomez;1/8/2026;1/8/2027;46,670.75;EDIFICIO;1;0-VIVIENDAS;CONCRETO_REF;Prueba 1 (Carga Masiva);591;8;808;80803;0;8080828
1_17;111223-1111;Juan Carlos Perez Gomez;1/8/2026;1/8/2027;46,526.00;EDIFICIO;1;0-VIVIENDAS;CONCRETO_REF;Prueba 1 (Carga Masiva);591;8;808;80803;0;8080829
1_17;111223-1111;Juan Carlos Perez Gomez;1/8/2026;1/8/2027;46,381.25;EDIFICIO;1;0-VIVIENDAS;CONCRETO_REF;Prueba 1 (Carga Masiva);591;8;808;80803;0;8080829
1_17;111223-1111;Juan Carlos Perez Gomez;1/8/2026;1/8/2027;46,236.50;EDIFICIO;1;0-VIVIENDAS;CONCRETO_REF;Prueba 1 (Carga Masiva);591;8;808;80803;0;8080830
1_17;111223-1111;Juan Carlos Perez Gomez;1/8/2026;1/8/2027;46,091.75;EDIFICIO;1;0-VIVIENDAS;CONCRETO_REF;Prueba 1 (Carga Masiva);591;8;808;80803;0;8080830
1_17;111223-1112;Juan Carlos Perez Gomez;1/8/2026;1/8/2027;50,000.00;EDIFICIO;1;0-VIVIENDAS;CONCRETO_REF;Prueba 1 (Carga Masiva);591;8;808;80803;0;8080831
1_17;04-0004-00380;LUIS JARAMILLO;1/8/2026;1/8/2027;49,855.25;EDIFICIO;1;0-VIVIENDAS;CONCRETO_REF;Prueba 1 (Carga Masiva);591;8;808;80803;0;8080831
1_17;04-0004-00380;LUIS JARAMILLO;1/8/2026;1/8/2027;49,710.50;EDIFICIO;1;0-VIVIENDAS;CONCRETO_REF;Prueba 1 (Carga Masiva);591;8;808;80803;0;8080832
1_17;04-0004-00380;LUIS JARAMILLO;1/8/2026;1/8/2027;49,565.75;EDIFICIO;1;0-VIVIENDAS;CONCRETO_REF;Prueba 1 (Carga Masiva);591;8;808;80803;0;8080832
1_17;04-0004-00380;LUIS JARAMILLO;1/8/2026;1/8/2027;49,421.00;EDIFICIO;1;0-VIVIENDAS;CONCRETO_REF;Prueba 1 (Carga Masiva);591;8;808;80803;0;8080833
1_17;04-0004-00380;LUIS JARAMILLO;1/8/2026;1/8/2027;49,276.25;EDIFICIO;1;0-VIVIENDAS;CONCRETO_REF;Prueba 1 (Carga Masiva);591;8;808;80803;0;8080833
1_17;04-0004-00380;LUIS JARAMILLO;1/8/2026;1/8/2027;49,131.50;EDIFICIO;1;0-VIVIENDAS;CONCRETO_REF;Prueba 1 (Carga Masiva);591;8;808;80803;0;8080834
1_17;04-0004-00380;LUIS JARAMILLO;1/8/2026;1/8/2027;48,986.75;EDIFICIO;1;0-VIVIENDAS;CONCRETO_REF;Prueba 1 (Carga Masiva);591;8;808;80803;0;8080834
1_9;111223-1111;Juan Carlos Perez Gomez;1/8/2026;1/8/2027;50,000.00;EDIFICIO;1;0-VIVIENDAS;CONCRETO_REF;Prueba 1 (Carga Masiva);591;8;808;80803;0;8080835
1_9;111223-1111;Juan Carlos Perez Gomez;1/8/2026;1/8/2027;49,855.25;EDIFICIO;1;0-VIVIENDAS;CONCRETO_REF;Prueba 1 (Carga Masiva);591;8;808;80803;0;8080835
1_9;111223-1111;Juan Carlos Perez Gomez;1/8/2026;1/8/2027;49,710.50;EDIFICIO;1;0-VIVIENDAS;CONCRETO_REF;Prueba 1 (Carga Masiva);591;8;808;80803;0;8080836
1_9;111223-1111;Juan Carlos Perez Gomez;1/8/2026;1/8/2027;49,565.75;EDIFICIO;1;0-VIVIENDAS;CONCRETO_REF;Prueba 1 (Carga Masiva);591;8;808;80803;0;8080836
1_9;111223-1111;Juan Carlos Perez Gomez;7/8/2026;7/8/2027;49,421.00;EDIFICIO;1;0-VIVIENDAS;CONCRETO_REF;Prueba 1 (Carga Masiva);591;8;808;80803;0;8080837
1_9;111223-1111;Juan Carlos Perez Gomez;7/8/2026;7/8/2027;49,276.25;EDIFICIO;1;0-VIVIENDAS;CONCRETO_REF;Prueba 1 (Carga Masiva);591;8;808;80803;0;8080837
1_9;111223-1111;Juan Carlos Perez Gomez;7/8/2026;7/8/2027;49,131.50;EDIFICIO;1;0-VIVIENDAS;CONCRETO_REF;Prueba 1 (Carga Masiva);591;8;808;80803;0;8080838
1_9;111223-1111;Juan Carlos Perez Gomez;7/8/2026;7/8/2027;48,986.75;EDIFICIO;1;0-VIVIENDAS;CONCRETO_REF;Prueba 1 (Carga Masiva);591;8;808;80803;0;8080838
1_9;111223-1111;Juan Carlos Perez Gomez;7/8/2026;7/8/2027;48,842.00;EDIFICIO;1;0-VIVIENDAS;CONCRETO_REF;Prueba 1 (Carga Masiva);591;8;808;80803;0;8080839
1_10;111223-1111;Juan Carlos Perez Gomez;7/8/2026;7/8/2027;48,697.25;EDIFICIO;1;0-VIVIENDAS;CONCRETO_REF;Prueba 1 (Carga Masiva);591;8;808;80803;0;8080839
1_10;111223-1111;Juan Carlos Perez Gomez;7/8/2026;7/8/2027;48,552.50;EDIFICIO;1;0-VIVIENDAS;CONCRETO_REF;Prueba 1 (Carga Masiva);591;8;808;80803;0;8080840
1_10;111223-1111;Juan Carlos Perez Gomez;7/8/2026;7/8/2027;48,407.75;EDIFICIO;1;0-VIVIENDAS;CONCRETO_REF;Prueba 1 (Carga Masiva);591;8;808;80803;0;8080840
1_10;111223-1111;Juan Carlos Perez Gomez;7/8/2026;7/8/2027;48,263.00;EDIFICIO;1;0-VIVIENDAS;CONCRETO_REF;Prueba 1 (Carga Masiva);591;8;808;80803;0;8080841
1_10;111223-1111;Juan Carlos Perez Gomez;7/8/2026;7/8/2027;48,118.25;EDIFICIO;1;0-VIVIENDAS;CONCRETO_REF;Prueba 1 (Carga Masiva);591;8;808;80803;0;8080841
1_10;111223-1111;Juan Carlos Perez Gomez;7/8/2026;7/8/2027;47,973.50;EDIFICIO;1;0-VIVIENDAS;CONCRETO_REF;Prueba 1 (Carga Masiva);591;8;808;80803;0;8080842
1_10;111223-1111;Juan Carlos Perez Gomez;7/8/2026;7/8/2027;47,828.75;EDIFICIO;1;0-VIVIENDAS;CONCRETO_REF;Prueba 1 (Carga Masiva);591;8;808;80803;0;8080842
1_10;111223-1111;Juan Carlos Perez Gomez;7/8/2026;7/8/2027;47,684.00;EDIFICIO;1;0-VIVIENDAS;CONCRETO_REF;Prueba 1 (Carga Masiva);591;8;808;80803;0;8080843
1_10;111223-1111;Juan Carlos Perez Gomez;7/8/2026;7/8/2027;47,539.25;EDIFICIO;1;0-VIVIENDAS;CONCRETO_REF;Prueba 1 (Carga Masiva);591;8;808;80803;0;8080843
1_10;111223-1111;Juan Carlos Perez Gomez;7/8/2026;7/8/2027;47,394.50;EDIFICIO;1;0-VIVIENDAS;CONCRETO_REF;Prueba 1 (Carga Masiva);591;8;808;80803;0;8080844
1_10;111223-1111;Juan Carlos Perez Gomez;7/8/2026;7/8/2027;47,249.75;EDIFICIO;1;0-VIVIENDAS;CONCRETO_REF;Prueba 1 (Carga Masiva);591;8;808;80803;0;8080844
1_10;111223-1111;Juan Carlos Perez Gomez;7/8/2026;7/8/2027;47,105.00;EDIFICIO;1;0-VIVIENDAS;CONCRETO_REF;Prueba 1 (Carga Masiva);591;8;808;80803;0;8080845
1_10;111223-1111;Juan Carlos Perez Gomez;7/8/2026;7/8/2027;46,960.25;EDIFICIO;1;0-VIVIENDAS;CONCRETO_REF;Prueba 1 (Carga Masiva);591;8;808;80803;0;8080845
1_17;111223-1111;Juan Carlos Perez Gomez;7/8/2026;7/8/2027;46,815.50;EDIFICIO;1;0-VIVIENDAS;CONCRETO_REF;Prueba 1 (Carga Masiva);591;8;808;80803;0;8080846
1_17;111223-1111;Juan Carlos Perez Gomez;7/8/2026;7/8/2027;46,670.75;EDIFICIO;1;0-VIVIENDAS;CONCRETO_REF;Prueba 1 (Carga Masiva);591;8;808;80803;0;8080846
1_17;111223-1111;Juan Carlos Perez Gomez;14/8/2026;14/8/2027;46,526.00;EDIFICIO;1;0-VIVIENDAS;CONCRETO_REF;Prueba 1 (Carga Masiva);591;8;808;80803;0;8080847
1_17;111223-1111;Juan Carlos Perez Gomez;14/8/2026;14/8/2027;46,381.25;EDIFICIO;1;0-VIVIENDAS;CONCRETO_REF;Prueba 1 (Carga Masiva);591;8;808;80803;0;8080847
1_17;111223-1111;Juan Carlos Perez Gomez;14/8/2026;14/8/2027;46,236.50;EDIFICIO;1;0-VIVIENDAS;CONCRETO_REF;Prueba 1 (Carga Masiva);591;8;808;80803;0;8080849
1_17;111223-1111;Juan Carlos Perez Gomez;14/8/2026;14/8/2027;46,091.75;EDIFICIO;1;0-VIVIENDAS;CONCRETO_REF;Prueba 1 (Carga Masiva);591;8;808;80803;0;8080849
1_17;111223-1112;Juan Carlos Perez Gomez;14/8/2026;14/8/2027;50,000.00;EDIFICIO;1;0-VIVIENDAS;CONCRETO_REF;Prueba 1 (Carga Masiva);591;8;808;80803;0;8080850
1_17;04-0004-00380;LUIS JARAMILLO;14/8/2026;14/8/2027;49,855.25;EDIFICIO;1;0-VIVIENDAS;CONCRETO_REF;Prueba 1 (Carga Masiva);591;8;808;80803;0;8080850
1_17;04-0004-00380;LUIS JARAMILLO;14/8/2026;14/8/2027;49,710.50;EDIFICIO;1;0-VIVIENDAS;CONCRETO_REF;Prueba 1 (Carga Masiva);591;8;808;80803;0;8080851
1_17;04-0004-00380;LUIS JARAMILLO;14/8/2026;14/8/2027;49,565.75;EDIFICIO;1;0-VIVIENDAS;CONCRETO_REF;Prueba 1 (Carga Masiva);591;8;808;80803;0;8080851
1_17;04-0004-00380;LUIS JARAMILLO;14/8/2026;14/8/2027;49,421.00;EDIFICIO;1;0-VIVIENDAS;CONCRETO_REF;Prueba 1 (Carga Masiva);591;8;808;80803;0;8080852
1_17;04-0004-00380;LUIS JARAMILLO;14/8/2026;14/8/2027;49,276.25;EDIFICIO;1;0-VIVIENDAS;CONCRETO_REF;Prueba 1 (Carga Masiva);591;8;808;80803;0;8080852
1_17;04-0004-00380;LUIS JARAMILLO;14/8/2026;14/8/2027;49,131.50;EDIFICIO;1;0-VIVIENDAS;CONCRETO_REF;Prueba 1 (Carga Masiva);591;8;808;80803;0;8080853
1_17;04-0004-00380;LUIS JARAMILLO;14/8/2026;14/8/2027;48,986.75;EDIFICIO;1;0-VIVIENDAS;CONCRETO_REF;Prueba 1 (Carga Masiva);591;8;808;80803;0;8080853
1_9;111223-1111;Juan Carlos Perez Gomez;14/8/2026;14/8/2027;50,000.00;EDIFICIO;1;0-VIVIENDAS;CONCRETO_REF;Prueba 1 (Carga Masiva);591;8;808;80803;0;8080854
1_9;111223-1111;Juan Carlos Perez Gomez;14/8/2026;14/8/2027;49,855.25;EDIFICIO;1;0-VIVIENDAS;CONCRETO_REF;Prueba 1 (Carga Masiva);591;8;808;80803;0;8080854
1_9;111223-1111;Juan Carlos Perez Gomez;14/8/2026;14/8/2027;49,710.50;EDIFICIO;1;0-VIVIENDAS;CONCRETO_REF;Prueba 1 (Carga Masiva);591;8;808;80803;0;8080855
1_9;111223-1111;Juan Carlos Perez Gomez;14/8/2026;14/8/2027;49,565.75;EDIFICIO;1;0-VIVIENDAS;CONCRETO_REF;Prueba 1 (Carga Masiva);591;8;808;80803;0;8080855
1_9;111223-1111;Juan Carlos Perez Gomez;14/8/2026;14/8/2027;49,421.00;EDIFICIO;1;0-VIVIENDAS;CONCRETO_REF;Prueba 1 (Carga Masiva);591;8;808;80803;0;8080856
1_9;111223-1111;Juan Carlos Perez Gomez;14/8/2026;14/8/2027;49,276.25;EDIFICIO;1;0-VIVIENDAS;CONCRETO_REF;Prueba 1 (Carga Masiva);591;8;808;80803;0;8080856
1_9;111223-1111;Juan Carlos Perez Gomez;14/8/2026;14/8/2027;49,131.50;EDIFICIO;1;0-VIVIENDAS;CONCRETO_REF;Prueba 1 (Carga Masiva);591;8;808;80803;0;8080857
1_9;111223-1111;Juan Carlos Perez Gomez;14/8/2026;14/8/2027;48,986.75;EDIFICIO;1;0-VIVIENDAS;CONCRETO_REF;Prueba 1 (Carga Masiva);591;8;808;80803;0;8080857
1_9;111223-1111;Juan Carlos Perez Gomez;21/8/2026;21/8/2027;48,842.00;EDIFICIO;1;0-VIVIENDAS;CONCRETO_REF;Prueba 1 (Carga Masiva);591;8;808;80803;0;8080858
1_10;111223-1111;Juan Carlos Perez Gomez;21/8/2026;21/8/2027;48,697.25;EDIFICIO;1;0-VIVIENDAS;CONCRETO_REF;Prueba 1 (Carga Masiva);591;8;808;80803;0;8080858
1_10;111223-1111;Juan Carlos Perez Gomez;21/8/2026;21/8/2027;48,552.50;EDIFICIO;1;0-VIVIENDAS;CONCRETO_REF;Prueba 1 (Carga Masiva);591;8;808;80803;0;8080859
1_10;111223-1111;Juan Carlos Perez Gomez;21/8/2026;21/8/2027;48,407.75;EDIFICIO;1;0-VIVIENDAS;CONCRETO_REF;Prueba 1 (Carga Masiva);591;8;808;80803;0;8080859
1_10;111223-1111;Juan Carlos Perez Gomez;21/8/2026;21/8/2027;48,263.00;EDIFICIO;1;0-VIVIENDAS;CONCRETO_REF;Prueba 1 (Carga Masiva);591;8;808;80803;0;8080860
1_10;111223-1111;Juan Carlos Perez Gomez;21/8/2026;21/8/2027;48,118.25;EDIFICIO;1;0-VIVIENDAS;CONCRETO_REF;Prueba 1 (Carga Masiva);591;8;808;80803;0;8080860
1_10;111223-1111;Juan Carlos Perez Gomez;21/8/2026;21/8/2027;47,973.50;EDIFICIO;1;0-VIVIENDAS;CONCRETO_REF;Prueba 1 (Carga Masiva);591;8;808;80803;0;8080861
1_10;111223-1111;Juan Carlos Perez Gomez;21/8/2026;21/8/2027;47,828.75;EDIFICIO;1;0-VIVIENDAS;CONCRETO_REF;Prueba 1 (Carga Masiva);591;8;808;80803;0;8080861
1_10;111223-1111;Juan Carlos Perez Gomez;21/8/2026;21/8/2027;47,684.00;EDIFICIO;1;0-VIVIENDAS;CONCRETO_REF;Prueba 1 (Carga Masiva);591;8;808;80803;0;8080862
1_10;111223-1111;Juan Carlos Perez Gomez;21/8/2026;21/8/2027;47,539.25;EDIFICIO;1;0-VIVIENDAS;CONCRETO_REF;Prueba 1 (Carga Masiva);591;8;808;80803;0;8080862
1_10;111223-1111;Juan Carlos Perez Gomez;21/8/2026;21/8/2027;47,394.50;EDIFICIO;1;0-VIVIENDAS;CONCRETO_REF;Prueba 1 (Carga Masiva);591;8;808;80803;0;8080863
1_10;111223-1111;Juan Carlos Perez Gomez;21/8/2026;21/8/2027;47,249.75;EDIFICIO;1;0-VIVIENDAS;CONCRETO_REF;Prueba 1 (Carga Masiva);591;8;808;80803;0;8080863
1_10;111223-1111;Juan Carlos Perez Gomez;21/8/2026;21/8/2027;47,105.00;EDIFICIO;1;0-VIVIENDAS;CONCRETO_REF;Prueba 1 (Carga Masiva);591;8;808;80803;0;8080864
1_10;111223-1111;Juan Carlos Perez Gomez;21/8/2026;21/8/2027;46,960.25;EDIFICIO;1;0-VIVIENDAS;CONCRETO_REF;Prueba 1 (Carga Masiva);591;8;808;80803;0;8080864
1_17;111223-1111;Juan Carlos Perez Gomez;21/8/2026;21/8/2027;46,815.50;EDIFICIO;1;0-VIVIENDAS;CONCRETO_REF;Prueba 1 (Carga Masiva);591;8;808;80803;0;8080865
1_17;111223-1111;Juan Carlos Perez Gomez;21/8/2026;21/8/2027;46,670.75;EDIFICIO;1;0-VIVIENDAS;CONCRETO_REF;Prueba 1 (Carga Masiva);591;8;808;80803;0;8080865
1_17;111223-1111;Juan Carlos Perez Gomez;21/8/2026;21/8/2027;46,526.00;EDIFICIO;1;0-VIVIENDAS;CONCRETO_REF;Prueba 1 (Carga Masiva);591;8;808;80803;0;8080866
1_17;111223-1111;Juan Carlos Perez Gomez;21/8/2026;21/8/2027;46,381.25;EDIFICIO;1;0-VIVIENDAS;CONCRETO_REF;Prueba 1 (Carga Masiva);591;8;808;80803;0;8080866
1_17;111223-1111;Juan Carlos Perez Gomez;21/8/2026;21/8/2027;46,236.50;EDIFICIO;1;0-VIVIENDAS;CONCRETO_REF;Prueba 1 (Carga Masiva);591;8;808;80803;0;8080867
1_17;111223-1111;Juan Carlos Perez Gomez;21/8/2026;21/8/2027;46,091.75;EDIFICIO;1;0-VIVIENDAS;CONCRETO_REF;Prueba 1 (Carga Masiva);591;8;808;80803;0;8080867
1_17;111223-1112;Juan Carlos Perez Gomez;28/8/2026;28/8/2027;50,000.00;EDIFICIO;1;0-VIVIENDAS;CONCRETO_REF;Prueba 1 (Carga Masiva);591;8;808;80803;0;8080868
1_17;04-0004-00380;LUIS JARAMILLO;28/8/2026;28/8/2027;49,855.25;EDIFICIO;1;0-VIVIENDAS;CONCRETO_REF;Prueba 1 (Carga Masiva);591;8;808;80803;0;8080868
1_17;04-0004-00380;LUIS JARAMILLO;28/8/2026;28/8/2027;49,710.50;EDIFICIO;1;0-VIVIENDAS;CONCRETO_REF;Prueba 1 (Carga Masiva);591;8;808;80803;0;8080869
1_17;04-0004-00380;LUIS JARAMILLO;28/8/2026;28/8/2027;49,565.75;EDIFICIO;1;0-VIVIENDAS;CONCRETO_REF;Prueba 1 (Carga Masiva);591;8;808;80803;0;8080869
1_17;04-0004-00380;LUIS JARAMILLO;28/8/2026;28/8/2027;49,421.00;EDIFICIO;1;0-VIVIENDAS;CONCRETO_REF;Prueba 1 (Carga Masiva);591;8;808;80803;0;8080870
1_17;04-0004-00380;LUIS JARAMILLO;28/8/2026;28/8/2027;49,276.25;EDIFICIO;1;0-VIVIENDAS;CONCRETO_REF;Prueba 1 (Carga Masiva);591;8;808;80803;0;8080870
1_17;04-0004-00380;LUIS JARAMILLO;28/8/2026;28/8/2027;49,131.50;EDIFICIO;1;0-VIVIENDAS;CONCRETO_REF;Prueba 1 (Carga Masiva);591;8;808;80803;0;8080871
1_17;04-0004-00380;LUIS JARAMILLO;28/8/2026;28/8/2027;48,986.75;EDIFICIO;1;0-VIVIENDAS;CONCRETO_REF;Prueba 1 (Carga Masiva);591;8;808;80803;0;8080871
1_9;111223-1111;Juan Carlos Perez Gomez;28/8/2026;28/8/2027;50,000.00;EDIFICIO;1;0-VIVIENDAS;CONCRETO_REF;Prueba 1 (Carga Masiva);591;8;808;80803;0;8080872
1_9;111223-1111;Juan Carlos Perez Gomez;28/8/2026;28/8/2027;49,855.25;EDIFICIO;1;0-VIVIENDAS;CONCRETO_REF;Prueba 1 (Carga Masiva);591;8;808;80803;0;8080872
1_9;111223-1111;Juan Carlos Perez Gomez;28/8/2026;28/8/2027;49,710.50;EDIFICIO;1;0-VIVIENDAS;CONCRETO_REF;Prueba 1 (Carga Masiva);591;8;808;80803;0;8080873
1_9;111223-1111;Juan Carlos Perez Gomez;28/8/2026;28/8/2027;49,565.75;EDIFICIO;1;0-VIVIENDAS;CONCRETO_REF;Prueba 1 (Carga Masiva);591;8;808;80803;0;8080873
1_9;111223-1111;Juan Carlos Perez Gomez;28/8/2026;28/8/2027;49,421.00;EDIFICIO;1;0-VIVIENDAS;CONCRETO_REF;Prueba 1 (Carga Masiva);591;8;808;80803;0;8080874
1_9;111223-1111;Juan Carlos Perez Gomez;28/8/2026;28/8/2027;49,276.25;EDIFICIO;1;0-VIVIENDAS;CONCRETO_REF;Prueba 1 (Carga Masiva);591;8;808;80803;0;8080874
1_9;111223-1111;Juan Carlos Perez Gomez;28/8/2026;28/8/2027;49,131.50;EDIFICIO;1;0-VIVIENDAS;CONCRETO_REF;Prueba 1 (Carga Masiva);591;8;808;80803;0;8080875
1_9;111223-1111;Juan Carlos Perez Gomez;28/8/2026;28/8/2027;48,986.75;EDIFICIO;1;0-VIVIENDAS;CONCRETO_REF;Prueba 1 (Carga Masiva);591;8;808;80803;0;8080875
1_9;111223-1111;Juan Carlos Perez Gomez;28/8/2026;28/8/2027;48,842.00;EDIFICIO;1;0-VIVIENDAS;CONCRETO_REF;Prueba 1 (Carga Masiva);591;8;808;80803;0;8080876
1_10;111223-1111;Juan Carlos Perez Gomez;28/8/2026;28/8/2027;48,697.25;EDIFICIO;1;0-VIVIENDAS;CONCRETO_REF;Prueba 1 (Carga Masiva);591;8;808;80803;0;8080876
1_10;111223-1111;Juan Carlos Perez Gomez;28/8/2026;28/8/2027;48,552.50;EDIFICIO;1;0-VIVIENDAS;CONCRETO_REF;Prueba 1 (Carga Masiva);591;8;808;80803;0;8080877
1_10;111223-1111;Juan Carlos Perez Gomez;28/8/2026;28/8/2027;48,407.75;EDIFICIO;1;0-VIVIENDAS;CONCRETO_REF;Prueba 1 (Carga Masiva);591;8;808;80803;0;8080877
1_10;111223-1111;Juan Carlos Perez Gomez;1/9/2026;1/9/2027;48,263.00;EDIFICIO;1;0-VIVIENDAS;CONCRETO_REF;Prueba 1 (Carga Masiva);591;8;808;80803;0;8080878
1_10;111223-1111;Juan Carlos Perez Gomez;1/9/2026;1/9/2027;48,118.25;EDIFICIO;1;0-VIVIENDAS;CONCRETO_REF;Prueba 1 (Carga Masiva);591;8;808;80803;0;8080878
1_10;111223-1111;Juan Carlos Perez Gomez;1/9/2026;1/9/2027;47,973.50;EDIFICIO;1;0-VIVIENDAS;CONCRETO_REF;Prueba 1 (Carga Masiva);591;8;808;80803;0;8080879
1_10;111223-1111;Juan Carlos Perez Gomez;1/9/2026;1/9/2027;47,828.75;EDIFICIO;1;0-VIVIENDAS;CONCRETO_REF;Prueba 1 (Carga Masiva);591;8;808;80803;0;8080879
1_10;111223-1111;Juan Carlos Perez Gomez;1/9/2026;1/9/2027;47,684.00;EDIFICIO;1;0-VIVIENDAS;CONCRETO_REF;Prueba 1 (Carga Masiva);591;8;808;80803;0;8080880
1_10;111223-1111;Juan Carlos Perez Gomez;1/9/2026;1/9/2027;47,539.25;EDIFICIO;1;0-VIVIENDAS;CONCRETO_REF;Prueba 1 (Carga Masiva);591;8;808;80803;0;8080880
1_10;111223-1111;Juan Carlos Perez Gomez;1/9/2026;1/9/2027;47,394.50;EDIFICIO;1;0-VIVIENDAS;CONCRETO_REF;Prueba 1 (Carga Masiva);591;8;808;80803;0;8080881
1_10;111223-1111;Juan Carlos Perez Gomez;1/9/2026;1/9/2027;47,249.75;EDIFICIO;1;0-VIVIENDAS;CONCRETO_REF;Prueba 1 (Carga Masiva);591;8;808;80803;0;8080881
1_10;111223-1111;Juan Carlos Perez Gomez;1/9/2026;1/9/2027;47,105.00;EDIFICIO;1;0-VIVIENDAS;CONCRETO_REF;Prueba 1 (Carga Masiva);591;8;808;80803;0;8080882
1_10;111223-1111;Juan Carlos Perez Gomez;1/9/2026;1/9/2027;46,960.25;EDIFICIO;1;0-VIVIENDAS;CONCRETO_REF;Prueba 1 (Carga Masiva);591;8;808;80803;0;8080882
1_17;111223-1111;Juan Carlos Perez Gomez;1/9/2026;1/9/2027;46,815.50;EDIFICIO;1;0-VIVIENDAS;CONCRETO_REF;Prueba 1 (Carga Masiva);591;8;808;80803;0;8080883
1_17;111223-1111;Juan Carlos Perez Gomez;1/9/2026;1/9/2027;46,670.75;EDIFICIO;1;0-VIVIENDAS;CONCRETO_REF;Prueba 1 (Carga Masiva);591;8;808;80803;0;8080883
1_17;111223-1111;Juan Carlos Perez Gomez;1/9/2026;1/9/2027;46,526.00;EDIFICIO;1;0-VIVIENDAS;CONCRETO_REF;Prueba 1 (Carga Masiva);591;8;808;80803;0;8080884
1_17;111223-1111;Juan Carlos Perez Gomez;1/9/2026;1/9/2027;46,381.25;EDIFICIO;1;0-VIVIENDAS;CONCRETO_REF;Prueba 1 (Carga Masiva);591;8;808;80803;0;8080884
1_17;111223-1111;Juan Carlos Perez Gomez;1/9/2026;1/9/2027;46,236.50;EDIFICIO;1;0-VIVIENDAS;CONCRETO_REF;Prueba 1 (Carga Masiva);591;8;808;80803;0;8080885
1_17;111223-1111;Juan Carlos Perez Gomez;1/9/2026;1/9/2027;46,091.75;EDIFICIO;1;0-VIVIENDAS;CONCRETO_REF;Prueba 1 (Carga Masiva);591;8;808;80803;0;8080885
1_17;111223-1112;Juan Carlos Perez Gomez;1/9/2026;1/9/2027;50,000.00;EDIFICIO;1;0-VIVIENDAS;CONCRETO_REF;Prueba 1 (Carga Masiva);591;8;808;80803;0;8080886
1_17;04-0004-00380;LUIS JARAMILLO;1/9/2026;1/9/2027;49,855.25;EDIFICIO;1;0-VIVIENDAS;CONCRETO_REF;Prueba 1 (Carga Masiva);591;8;808;80803;0;8080886
1_17;04-0004-00380;LUIS JARAMILLO;1/9/2026;1/9/2027;49,710.50;EDIFICIO;1;0-VIVIENDAS;CONCRETO_REF;Prueba 1 (Carga Masiva);591;8;808;80803;0;8080887
1_17;04-0004-00380;LUIS JARAMILLO;1/9/2026;1/9/2027;49,565.75;EDIFICIO;1;0-VIVIENDAS;CONCRETO_REF;Prueba 1 (Carga Masiva);591;8;808;80803;0;8080887
1_17;04-0004-00380;LUIS JARAMILLO;7/9/2026;7/9/2027;49,421.00;EDIFICIO;1;0-VIVIENDAS;CONCRETO_REF;Prueba 1 (Carga Masiva);591;8;808;80803;0;8080888
1_17;04-0004-00380;LUIS JARAMILLO;7/9/2026;7/9/2027;49,276.25;EDIFICIO;1;0-VIVIENDAS;CONCRETO_REF;Prueba 1 (Carga Masiva);591;8;808;80803;0;8080888
1_17;04-0004-00380;LUIS JARAMILLO;7/9/2026;7/9/2027;49,131.50;EDIFICIO;1;0-VIVIENDAS;CONCRETO_REF;Prueba 1 (Carga Masiva);591;8;808;80803;0;8080889
1_17;04-0004-00380;LUIS JARAMILLO;7/9/2026;7/9/2027;48,986.75;EDIFICIO;1;0-VIVIENDAS;CONCRETO_REF;Prueba 1 (Carga Masiva);591;8;808;80803;0;8080889
1_9;111223-1111;Juan Carlos Perez Gomez;7/9/2026;7/9/2027;50,000.00;EDIFICIO;1;0-VIVIENDAS;CONCRETO_REF;Prueba 1 (Carga Masiva);591;8;808;80803;0;8080890
1_9;111223-1111;Juan Carlos Perez Gomez;7/9/2026;7/9/2027;49,855.25;EDIFICIO;1;0-VIVIENDAS;CONCRETO_REF;Prueba 1 (Carga Masiva);591;8;808;80803;0;8080890
1_9;111223-1111;Juan Carlos Perez Gomez;7/9/2026;7/9/2027;49,710.50;EDIFICIO;1;0-VIVIENDAS;CONCRETO_REF;Prueba 1 (Carga Masiva);591;8;808;80803;0;8080891
1_9;111223-1111;Juan Carlos Perez Gomez;7/9/2026;7/9/2027;49,565.75;EDIFICIO;1;0-VIVIENDAS;CONCRETO_REF;Prueba 1 (Carga Masiva);591;8;808;80803;0;8080891
1_9;111223-1111;Juan Carlos Perez Gomez;7/9/2026;7/9/2027;49,421.00;EDIFICIO;1;0-VIVIENDAS;CONCRETO_REF;Prueba 1 (Carga Masiva);591;8;808;80803;0;8080892
1_9;111223-1111;Juan Carlos Perez Gomez;7/9/2026;7/9/2027;49,276.25;EDIFICIO;1;0-VIVIENDAS;CONCRETO_REF;Prueba 1 (Carga Masiva);591;8;808;80803;0;8080892
1_9;111223-1111;Juan Carlos Perez Gomez;7/9/2026;7/9/2027;49,131.50;EDIFICIO;1;0-VIVIENDAS;CONCRETO_REF;Prueba 1 (Carga Masiva);591;8;808;80803;0;8080893
1_9;111223-1111;Juan Carlos Perez Gomez;7/9/2026;7/9/2027;48,986.75;EDIFICIO;1;0-VIVIENDAS;CONCRETO_REF;Prueba 1 (Carga Masiva);591;8;808;80803;0;8080893
1_9;111223-1111;Juan Carlos Perez Gomez;7/9/2026;7/9/2027;48,842.00;EDIFICIO;1;0-VIVIENDAS;CONCRETO_REF;Prueba 1 (Carga Masiva);591;8;808;80803;0;8080894
1_10;111223-1111;Juan Carlos Perez Gomez;7/9/2026;7/9/2027;48,697.25;EDIFICIO;1;0-VIVIENDAS;CONCRETO_REF;Prueba 1 (Carga Masiva);591;8;808;80803;0;8080894
1_10;111223-1111;Juan Carlos Perez Gomez;7/9/2026;7/9/2027;48,552.50;EDIFICIO;1;0-VIVIENDAS;CONCRETO_REF;Prueba 1 (Carga Masiva);591;8;808;80803;0;8080895
1_10;111223-1111;Juan Carlos Perez Gomez;7/9/2026;7/9/2027;48,407.75;EDIFICIO;1;0-VIVIENDAS;CONCRETO_REF;Prueba 1 (Carga Masiva);591;8;808;80803;0;8080895
1_10;111223-1111;Juan Carlos Perez Gomez;7/9/2026;7/9/2027;48,263.00;EDIFICIO;1;0-VIVIENDAS;CONCRETO_REF;Prueba 1 (Carga Masiva);591;8;808;80803;0;8080896
1_10;111223-1111;Juan Carlos Perez Gomez;7/9/2026;7/9/2027;48,118.25;EDIFICIO;1;0-VIVIENDAS;CONCRETO_REF;Prueba 1 (Carga Masiva);591;8;808;80803;0;8080896
1_10;111223-1111;Juan Carlos Perez Gomez;7/9/2026;7/9/2027;47,973.50;EDIFICIO;1;0-VIVIENDAS;CONCRETO_REF;Prueba 1 (Carga Masiva);591;8;808;80803;0;8080897
1_10;111223-1111;Juan Carlos Perez Gomez;7/9/2026;7/9/2027;47,828.75;EDIFICIO;1;0-VIVIENDAS;CONCRETO_REF;Prueba 1 (Carga Masiva);591;8;808;80803;0;8080897
1_10;111223-1111;Juan Carlos Perez Gomez;14/9/2026;14/9/2027;47,684.00;EDIFICIO;1;0-VIVIENDAS;CONCRETO_REF;Prueba 1 (Carga Masiva);591;8;808;80803;0;8080898
1_10;111223-1111;Juan Carlos Perez Gomez;14/9/2026;14/9/2027;47,539.25;EDIFICIO;1;0-VIVIENDAS;CONCRETO_REF;Prueba 1 (Carga Masiva);591;8;808;80803;0;8080898
1_10;111223-1111;Juan Carlos Perez Gomez;14/9/2026;14/9/2027;47,394.50;EDIFICIO;1;0-VIVIENDAS;CONCRETO_REF;Prueba 1 (Carga Masiva);591;8;808;80803;0;8080899
1_10;111223-1111;Juan Carlos Perez Gomez;14/9/2026;14/9/2027;47,249.75;EDIFICIO;1;0-VIVIENDAS;CONCRETO_REF;Prueba 1 (Carga Masiva);591;8;808;80803;0;8080899
1_10;111223-1111;Juan Carlos Perez Gomez;14/9/2026;14/9/2027;47,105.00;EDIFICIO;1;0-VIVIENDAS;CONCRETO_REF;Prueba 1 (Carga Masiva);591;8;808;80803;0;8080900
1_10;111223-1111;Juan Carlos Perez Gomez;14/9/2026;14/9/2027;46,960.25;EDIFICIO;1;0-VIVIENDAS;CONCRETO_REF;Prueba 1 (Carga Masiva);591;8;808;80803;0;8080900
1_17;111223-1111;Juan Carlos Perez Gomez;14/9/2026;14/9/2027;46,815.50;EDIFICIO;1;0-VIVIENDAS;CONCRETO_REF;Prueba 1 (Carga Masiva);591;8;808;80803;0;8080901
1_17;111223-1111;Juan Carlos Perez Gomez;14/9/2026;14/9/2027;46,670.75;EDIFICIO;1;0-VIVIENDAS;CONCRETO_REF;Prueba 1 (Carga Masiva);591;8;808;80803;0;8080901
1_17;111223-1111;Juan Carlos Perez Gomez;14/9/2026;14/9/2027;46,526.00;EDIFICIO;1;0-VIVIENDAS;CONCRETO_REF;Prueba 1 (Carga Masiva);591;8;808;80803;0;8080902
1_17;111223-1111;Juan Carlos Perez Gomez;14/9/2026;14/9/2027;46,381.25;EDIFICIO;1;0-VIVIENDAS;CONCRETO_REF;Prueba 1 (Carga Masiva);591;8;808;80803;0;8080902
1_17;111223-1111;Juan Carlos Perez Gomez;14/9/2026;14/9/2027;46,236.50;EDIFICIO;1;0-VIVIENDAS;CONCRETO_REF;Prueba 1 (Carga Masiva);591;8;808;80803;0;8080903
1_17;111223-1111;Juan Carlos Perez Gomez;14/9/2026;14/9/2027;46,091.75;EDIFICIO;1;0-VIVIENDAS;CONCRETO_REF;Prueba 1 (Carga Masiva);591;8;808;80803;0;8080903
1_17;111223-1112;Juan Carlos Perez Gomez;14/9/2026;14/9/2027;50,000.00;EDIFICIO;1;0-VIVIENDAS;CONCRETO_REF;Prueba 1 (Carga Masiva);591;8;808;80803;0;8080904
1_17;04-0004-00380;LUIS JARAMILLO;14/9/2026;14/9/2027;49,855.25;EDIFICIO;1;0-VIVIENDAS;CONCRETO_REF;Prueba 1 (Carga Masiva);591;8;808;80803;0;8080904
1_17;04-0004-00380;LUIS JARAMILLO;14/9/2026;14/9/2027;49,710.50;EDIFICIO;1;0-VIVIENDAS;CONCRETO_REF;Prueba 1 (Carga Masiva);591;8;808;80803;0;8080905
1_17;04-0004-00380;LUIS JARAMILLO;14/9/2026;14/9/2027;49,565.75;EDIFICIO;1;0-VIVIENDAS;CONCRETO_REF;Prueba 1 (Carga Masiva);591;8;808;80803;0;8080905
1_17;04-0004-00380;LUIS JARAMILLO;14/9/2026;14/9/2027;49,421.00;EDIFICIO;1;0-VIVIENDAS;CONCRETO_REF;Prueba 1 (Carga Masiva);591;8;808;80804;0;8080367
1_17;04-0004-00380;LUIS JARAMILLO;14/9/2026;14/9/2027;49,276.25;EDIFICIO;1;0-VIVIENDAS;CONCRETO_REF;Prueba 1 (Carga Masiva);591;8;808;80804;0;8080367
1_17;04-0004-00380;LUIS JARAMILLO;14/9/2026;14/9/2027;49,131.50;EDIFICIO;1;0-VIVIENDAS;CONCRETO_REF;Prueba 1 (Carga Masiva);591;8;808;80804;0;8080368
1_17;04-0004-00380;LUIS JARAMILLO;14/9/2026;14/9/2027;48,986.75;EDIFICIO;1;0-VIVIENDAS;CONCRETO_REF;Prueba 1 (Carga Masiva);591;8;808;80804;0;8080368
1_9;111223-1111;Juan Carlos Perez Gomez;21/9/2026;21/9/2027;50,000.00;EDIFICIO;1;0-VIVIENDAS;CONCRETO_REF;Prueba 1 (Carga Masiva);591;8;808;80804;0;8080369
1_9;111223-1111;Juan Carlos Perez Gomez;21/9/2026;21/9/2027;49,855.25;EDIFICIO;1;0-VIVIENDAS;CONCRETO_REF;Prueba 1 (Carga Masiva);591;8;808;80804;0;8080369
1_9;111223-1111;Juan Carlos Perez Gomez;21/9/2026;21/9/2027;49,710.50;EDIFICIO;1;0-VIVIENDAS;CONCRETO_REF;Prueba 1 (Carga Masiva);591;8;808;80804;0;8080370
1_9;111223-1111;Juan Carlos Perez Gomez;21/9/2026;21/9/2027;49,565.75;EDIFICIO;1;0-VIVIENDAS;CONCRETO_REF;Prueba 1 (Carga Masiva);591;8;808;80804;0;8080370
1_9;111223-1111;Juan Carlos Perez Gomez;21/9/2026;21/9/2027;49,421.00;EDIFICIO;1;0-VIVIENDAS;CONCRETO_REF;Prueba 1 (Carga Masiva);591;8;808;80804;0;8080371
1_9;111223-1111;Juan Carlos Perez Gomez;21/9/2026;21/9/2027;49,276.25;EDIFICIO;1;0-VIVIENDAS;CONCRETO_REF;Prueba 1 (Carga Masiva);591;8;808;80804;0;8080371
1_9;111223-1111;Juan Carlos Perez Gomez;21/9/2026;21/9/2027;49,131.50;EDIFICIO;1;0-VIVIENDAS;CONCRETO_REF;Prueba 1 (Carga Masiva);591;8;808;80804;0;8080372
1_9;111223-1111;Juan Carlos Perez Gomez;21/9/2026;21/9/2027;48,986.75;EDIFICIO;1;0-VIVIENDAS;CONCRETO_REF;Prueba 1 (Carga Masiva);591;8;808;80804;0;8080372
1_9;111223-1111;Juan Carlos Perez Gomez;21/9/2026;21/9/2027;48,842.00;EDIFICIO;1;0-VIVIENDAS;CONCRETO_REF;Prueba 1 (Carga Masiva);591;8;808;80804;0;8080373
1_10;111223-1111;Juan Carlos Perez Gomez;21/9/2026;21/9/2027;48,697.25;EDIFICIO;1;0-VIVIENDAS;CONCRETO_REF;Prueba 1 (Carga Masiva);591;8;808;80804;0;8080373
1_10;111223-1111;Juan Carlos Perez Gomez;21/9/2026;21/9/2027;48,552.50;EDIFICIO;1;0-VIVIENDAS;CONCRETO_REF;Prueba 1 (Carga Masiva);591;8;808;80804;0;8080374
1_10;111223-1111;Juan Carlos Perez Gomez;21/9/2026;21/9/2027;48,407.75;EDIFICIO;1;0-VIVIENDAS;CONCRETO_REF;Prueba 1 (Carga Masiva);591;8;808;80804;0;8080374
1_10;111223-1111;Juan Carlos Perez Gomez;21/9/2026;21/9/2027;48,263.00;EDIFICIO;1;0-VIVIENDAS;CONCRETO_REF;Prueba 1 (Carga Masiva);591;8;808;80804;0;8080375
1_10;111223-1111;Juan Carlos Perez Gomez;21/9/2026;21/9/2027;48,118.25;EDIFICIO;1;0-VIVIENDAS;CONCRETO_REF;Prueba 1 (Carga Masiva);591;8;808;80804;0;8080375
1_10;111223-1111;Juan Carlos Perez Gomez;21/9/2026;21/9/2027;47,973.50;EDIFICIO;1;0-VIVIENDAS;CONCRETO_REF;Prueba 1 (Carga Masiva);591;8;808;80804;0;8080376
1_10;111223-1111;Juan Carlos Perez Gomez;21/9/2026;21/9/2027;47,828.75;EDIFICIO;1;0-VIVIENDAS;CONCRETO_REF;Prueba 1 (Carga Masiva);591;8;808;80804;0;8080376
1_10;111223-1111;Juan Carlos Perez Gomez;21/9/2026;21/9/2027;47,684.00;EDIFICIO;1;0-VIVIENDAS;CONCRETO_REF;Prueba 1 (Carga Masiva);591;8;808;80804;0;8080377
1_10;111223-1111;Juan Carlos Perez Gomez;21/9/2026;21/9/2027;47,539.25;EDIFICIO;1;0-VIVIENDAS;CONCRETO_REF;Prueba 1 (Carga Masiva);591;8;808;80804;0;8080377
1_10;111223-1111;Juan Carlos Perez Gomez;21/9/2026;21/9/2027;47,394.50;EDIFICIO;1;0-VIVIENDAS;CONCRETO_REF;Prueba 1 (Carga Masiva);591;8;808;80804;0;8080378
1_10;111223-1111;Juan Carlos Perez Gomez;21/9/2026;21/9/2027;47,249.75;EDIFICIO;1;0-VIVIENDAS;CONCRETO_REF;Prueba 1 (Carga Masiva);591;8;808;80804;0;8080378
1_10;111223-1111;Juan Carlos Perez Gomez;28/9/2026;28/9/2027;47,105.00;EDIFICIO;1;0-VIVIENDAS;CONCRETO_REF;Prueba 1 (Carga Masiva);591;8;808;80804;0;8080379
1_10;111223-1111;Juan Carlos Perez Gomez;28/9/2026;28/9/2027;46,960.25;EDIFICIO;1;0-VIVIENDAS;CONCRETO_REF;Prueba 1 (Carga Masiva);591;8;808;80804;0;8080379
1_17;111223-1111;Juan Carlos Perez Gomez;28/9/2026;28/9/2027;46,815.50;EDIFICIO;1;0-VIVIENDAS;CONCRETO_REF;Prueba 1 (Carga Masiva);591;8;808;80804;0;8080380
1_17;111223-1111;Juan Carlos Perez Gomez;28/9/2026;28/9/2027;46,670.75;EDIFICIO;1;0-VIVIENDAS;CONCRETO_REF;Prueba 1 (Carga Masiva);591;8;808;80804;0;8080380
1_17;111223-1111;Juan Carlos Perez Gomez;28/9/2026;28/9/2027;46,526.00;EDIFICIO;1;0-VIVIENDAS;CONCRETO_REF;Prueba 1 (Carga Masiva);591;8;808;80804;0;8080381
1_17;111223-1111;Juan Carlos Perez Gomez;28/9/2026;28/9/2027;46,381.25;EDIFICIO;1;0-VIVIENDAS;CONCRETO_REF;Prueba 1 (Carga Masiva);591;8;808;80804;0;8080381
1_17;111223-1111;Juan Carlos Perez Gomez;28/9/2026;28/9/2027;46,236.50;EDIFICIO;1;0-VIVIENDAS;CONCRETO_REF;Prueba 1 (Carga Masiva);591;8;808;80804;0;8080382
1_17;111223-1111;Juan Carlos Perez Gomez;28/9/2026;28/9/2027;46,091.75;EDIFICIO;1;0-VIVIENDAS;CONCRETO_REF;Prueba 1 (Carga Masiva);591;8;808;80804;0;8080382
1_17;111223-1112;Juan Carlos Perez Gomez;28/9/2026;28/9/2027;50,000.00;EDIFICIO;1;0-VIVIENDAS;CONCRETO_REF;Prueba 1 (Carga Masiva);591;8;808;80804;0;8080383
1_17;04-0004-00380;LUIS JARAMILLO;28/9/2026;28/9/2027;49,855.25;EDIFICIO;1;0-VIVIENDAS;CONCRETO_REF;Prueba 1 (Carga Masiva);591;8;808;80804;0;8080383
1_17;04-0004-00380;LUIS JARAMILLO;28/9/2026;28/9/2027;49,710.50;EDIFICIO;1;0-VIVIENDAS;CONCRETO_REF;Prueba 1 (Carga Masiva);591;8;808;80804;0;8080384
1_17;04-0004-00380;LUIS JARAMILLO;28/9/2026;28/9/2027;49,565.75;EDIFICIO;1;0-VIVIENDAS;CONCRETO_REF;Prueba 1 (Carga Masiva);591;8;808;80804;0;8080384
1_17;04-0004-00380;LUIS JARAMILLO;28/9/2026;28/9/2027;49,421.00;EDIFICIO;1;0-VIVIENDAS;CONCRETO_REF;Prueba 1 (Carga Masiva);591;8;808;80804;0;8080385
1_17;04-0004-00380;LUIS JARAMILLO;28/9/2026;28/9/2027;49,276.25;EDIFICIO;1;0-VIVIENDAS;CONCRETO_REF;Prueba 1 (Carga Masiva);591;8;808;80804;0;8080385
1_17;04-0004-00380;LUIS JARAMILLO;28/9/2026;28/9/2027;49,131.50;EDIFICIO;1;0-VIVIENDAS;CONCRETO_REF;Prueba 1 (Carga Masiva);591;8;808;80804;0;8080386
1_17;04-0004-00380;LUIS JARAMILLO;28/9/2026;28/9/2027;48,986.75;EDIFICIO;1;0-VIVIENDAS;CONCRETO_REF;Prueba 1 (Carga Masiva);591;8;808;80804;0;8080386
1_9;111223-1111;Juan Carlos Perez Gomez;28/9/2026;28/9/2027;50,000.00;EDIFICIO;1;0-VIVIENDAS;CONCRETO_REF;Prueba 1 (Carga Masiva);591;8;808;80804;0;8080387
1_9;111223-1111;Juan Carlos Perez Gomez;28/9/2026;28/9/2027;49,855.25;EDIFICIO;1;0-VIVIENDAS;CONCRETO_REF;Prueba 1 (Carga Masiva);591;8;808;80804;0;8080387
1_9;111223-1111;Juan Carlos Perez Gomez;28/9/2026;28/9/2027;49,710.50;EDIFICIO;1;0-VIVIENDAS;CONCRETO_REF;Prueba 1 (Carga Masiva);591;8;808;80804;0;8080388
1_9;111223-1111;Juan Carlos Perez Gomez;28/9/2026;28/9/2027;49,565.75;EDIFICIO;1;0-VIVIENDAS;CONCRETO_REF;Prueba 1 (Carga Masiva);591;8;808;80804;0;8080388
